,comptage_horaire_predit
0,42.103268
1,40.857777
2,28.711832
3,68.5541
4,123.86603
5,202.39182
6,198.61662
7,163.41888
8,192.47447
9,197.06793
10,228.6644
11,247.5915
12,178.45096
13,157.75188
14,122.256615
15,161.9469
16,182.61191
17,111.629616
18,92.3399
19,102.10852
20,78.710365
21,62.997658
22,85.43922
23,58.15224
24,37.37929
25,29.880009
26,28.033154
27,63.264263
28,136.1716
29,201.60431
30,215.3684
31,259.7257
32,326.1141
33,314.3165
34,335.84097
35,412.66348
36,391.36713
37,336.64822
38,333.85474
39,308.95355
40,241.52295
41,161.9736
42,116.67339
43,93.39221
44,37.86926
45,25.484257
46,16.905426
47,7.4284897
48,8.205518
49,25.530977
50,59.509354
51,229.77602
52,779.30316
53,694.81055
54,318.44934
55,290.2009
56,396.72556
57,350.39713
58,324.0115
59,279.63773
60,327.22086
61,476.7096
62,717.6283
63,672.43866
64,377.23404
65,219.347
66,192.37024
67,131.17569
68,56.344013
69,24.697235
70,14.818102
71,1.779668
72,3.985008
73,19.729927
74,71.190834
75,274.77054
76,885.41156
77,795.551
78,326.30447
79,288.98425
80,365.06323
81,334.04904
82,322.9312
83,289.94794
84,315.7125
85,470.502
86,677.9285
87,660.28345
88,387.88934
89,226.35458
90,179.3114
91,165.69261
92,97.34479
93,45.266224
94,19.564175
95,13.922811
96,6.8261824
97,23.3735
98,61.58363
99,280.53076
100,790.81726
101,750.4529
102,347.13065
103,290.4232
104,413.1793
105,389.735
106,375.2366
107,316.3391
108,345.85672
109,459.84338
110,720.4122
111,714.73004
112,441.6458
113,274.56058
114,259.8138
115,237.6805
116,115.6679
117,57.21513
118,21.453394
119,10.534996
120,15.932594
121,33.417236
122,76.16787
123,255.73146
124,853.2868
125,808.9167
126,387.07526
127,321.02948
128,468.7717
129,410.53888
130,399.18387
131,354.06036
132,328.13507
133,525.6889
134,743.7188
135,746.44556
136,453.33942
137,286.18314
138,270.63248
139,280.27982
140,168.98952
141,85.59869
142,49.222588
143,17.70581
144,21.690798
145,40.728516
146,59.693375
147,211.06592
148,605.29266
149,605.74493
150,347.41177
151,327.31042
152,415.5916
153,385.81104
154,361.0933
155,345.61084
156,357.57687
157,483.8781
158,638.01636
159,615.6063
160,445.90604
161,255.52745
162,234.93942
163,222.16559
164,201.43042
165,173.93903
166,167.7511
167,65.174355
168,46.29182
169,39.963867
170,48.052227
171,70.39319
172,140.74324
173,249.02821
174,317.14362
175,356.0334
176,379.72177
177,398.53137
178,423.6554
179,398.08063
180,344.1774
181,299.3706
182,229.50366
183,219.14658
184,179.85619
185,142.91507
186,116.70618
187,109.41276
188,106.26153
189,88.682755
190,97.842735
191,71.51769
192,48.003998
193,41.557392
194,28.372238
195,45.074226
196,54.32686
197,107.22702
198,173.25523
199,220.1897
200,298.5795
201,273.60434
202,329.68167
203,370.2508
204,379.1626
205,385.73206
206,352.43604
207,301.13702
208,231.99431
209,176.38002
210,120.932144
211,73.979004
212,42.49191
213,18.644064
214,13.545985
215,5.8303375
216,5.0307364
217,22.400326
218,66.60419
219,239.14606
220,747.1113
221,710.9454
222,327.57614
223,268.96866
224,339.56186
225,337.49365
226,261.08698
227,214.08261
228,229.41808
229,320.44324
230,530.6095
231,547.0647
232,275.14117
233,174.91785
234,152.36266
235,109.805244
236,50.274643
237,19.501118
238,17.061306
239,4.9869447
240,2.6237047
241,17.874468
242,72.73472
243,274.32837
244,851.31104
245,752.88446
246,319.57428
247,229.68117
248,196.19844
249,159.93588
250,172.46346
251,153.50647
252,190.4445
253,343.6707
254,658.21814
255,659.38824
256,341.1723
257,226.20816
258,224.97176
259,178.8114
260,66.39355
261,31.03006
262,26.80816
263,9.537956
264,5.945021
265,20.570631
266,69.1515
267,270.901
268,773.59393
269,747.464
270,335.06973
271,270.58347
272,377.41806
273,392.17453
274,339.3894
275,331.84814
276,325.39072
277,483.3507
278,736.8149
279,764.4638
280,419.60782
281,263.1888
282,276.0068
283,255.05852
284,125.94221
285,52.243027
286,30.85794
287,13.610173
288,11.404205
289,36.783028
290,78.318924
291,278.25974
292,836.52716
293,798.122
294,417.5295
295,332.11774
296,493.96988
297,407.74313
298,362.82773
299,339.59708
300,372.51154
301,549.77893
302,828.9397
303,770.4464
304,458.61526
305,53.098053
306,13.019795
307,-4.18746
308,4.143871
309,-4.3007674
310,2.3963625
311,0.9699462
312,-8.264644
313,1.5868915
314,-3.93234
315,7.832247
316,3.8600376
317,-2.9358196
318,2.5023866
319,4.3571987
320,5.162836
321,5.437457
322,8.391707
323,5.5599637
324,2.4415154
325,7.6328344
326,-5.8638167
327,2.4318123
328,-4.9836454
329,-3.0968883
330,5.5222406
331,5.9654074
332,6.27804
333,2.479375
334,2.479375
335,-2.6023045
336,-1.6464874
337,-1.0425192
338,-0.24070586
339,-1.1548785
340,0.12445532
341,0.19141735
342,-0.29050756
343,-0.49621353
344,-1.7426068
345,-5.407255
346,2.84809
347,0.63660735
348,-3.1122596
349,-4.4471607
350,-3.5967932
351,7.8775115
352,-4.734065
353,-5.685912
354,2.8516264
355,3.294793
356,6.7133017
357,2.914637
358,2.914637
359,-2.9294953
360,-1.9736778
361,-2.093416
362,-0.80018836
363,-1.6665312
364,1.8977674
365,1.9647297
366,1.4828049
367,5.1809793
368,5.9866138
369,0.93877023
370,4.6214027
371,2.4099212
372,-1.3389467
373,0.12560518
374,6.115296
375,-2.11126
376,-9.526718
377,-6.066068
378,2.4714708
379,2.914637
380,1.1211725
381,1.1211725
382,1.1211725
383,-0.28704593
384,2.6138391
385,2.4941015
386,4.4169874
387,8.939685
388,35.259842
389,699.29755
390,363.22998
391,292.48608
392,378.3254
393,387.28336
394,280.4522
395,299.3613
396,329.2746
397,480.62604
398,758.07764
399,656.1584
400,389.4698
401,237.39664
402,198.4969
403,151.1252
404,78.56046
405,41.21691
406,18.654154
407,10.826831
408,12.741919
409,24.078505
410,68.912605
411,274.29953
412,986.0243
413,868.4894
414,382.9823
415,327.75797
416,440.18774
417,472.67944
418,401.84042
419,374.1372
420,362.43384
421,537.4954
422,884.5865
423,792.5236
424,390.86685
425,283.75607
426,290.207
427,237.83716
428,116.645515
429,50.345345
430,23.89608
431,15.708142
432,14.87384
433,30.564085
434,77.38064
435,296.3408
436,922.1468
437,864.4501
438,389.441
439,342.4694
440,473.27368
441,451.33597
442,437.1042
443,465.30316
444,411.133
445,599.54156
446,828.16235
447,877.5926
448,485.34058
449,297.8915
450,376.08014
451,370.17288
452,142.10379
453,72.95049
454,36.720837
455,11.719536
456,18.103157
457,37.934002
458,80.843575
459,307.5875
460,940.3235
461,885.819
462,464.49197
463,380.82907
464,473.57455
465,485.2124
466,485.83728
467,387.13928
468,409.33096
469,610.96564
470,966.77704
471,882.7326
472,516.2513
473,366.71182
474,396.44946
475,334.10815
476,190.12419
477,96.15245
478,58.41751
479,17.454378
480,19.283249
481,53.035652
482,58.362675
483,273.25494
484,697.96484
485,670.48193
486,420.5184
487,380.92126
488,500.9772
489,481.64896
490,490.00723
491,457.30835
492,424.6429
493,633.8859
494,809.7886
495,676.75336
496,436.60605
497,264.855
498,201.80084
499,167.56548
500,150.91588
501,124.61211
502,118.10591
503,59.00218
504,44.45465
505,41.98008
506,49.987854
507,79.43427
508,158.1345
509,246.81927
510,278.9774
511,306.84076
512,408.87878
513,410.08362
514,414.6322
515,397.8259
516,343.77185
517,306.79465
518,225.5767
519,300.63754
520,256.48734
521,176.60062
522,155.73936
523,132.50397
524,140.96103
525,126.22058
526,106.7217
527,57.713745
528,44.616642
529,38.66045
530,33.881767
531,45.068848
532,75.6756
533,150.35402
534,245.28236
535,311.6004
536,322.63107
537,327.30234
538,348.57825
539,419.2485
540,453.42825
541,384.07812
542,398.47183
543,316.96823
544,194.64684
545,166.84325
546,125.21233
547,101.4376
548,55.616745
549,18.563719
550,14.606967
551,5.6840105
552,5.985764
553,26.524586
554,69.94194
555,272.52457
556,835.50146
557,737.2523
558,367.98492
559,305.43863
560,394.80548
561,395.92807
562,348.53326
563,300.53415
564,311.50015
565,479.43057
566,792.0753
567,705.1917
568,398.2359
569,229.06264
570,200.37561
571,149.33118
572,69.929115
573,30.401766
574,17.503927
575,11.81312
576,8.585554
577,29.504044
578,58.045506
579,236.12657
580,745.8357
581,658.49963
582,289.38455
583,204.26756
584,285.6689
585,282.16205
586,253.0759
587,237.24734
588,230.38135
589,334.67053
590,514.46814
591,508.8545
592,272.7232
593,190.378
594,213.71217
595,168.90125
596,88.70844
597,38.228477
598,21.728003
599,12.550927
600,7.6625066
601,19.113958
602,64.27197
603,269.6823
604,747.08093
605,758.1273
606,329.6979
607,289.06796
608,400.74078
609,423.48257
610,394.73093
611,312.04483
612,315.00043
613,480.5573
614,743.00476
615,775.7713
616,459.4326
617,289.2999
618,276.67926
619,249.28029
620,124.34558
621,49.348236
622,22.343136
623,11.489432
624,14.055979
625,31.779942
626,87.29135
627,257.70847
628,756.60767
629,774.7917
630,370.51617
631,310.62567
632,439.6275
633,377.17023
634,334.45227
635,314.57812
636,330.99454
637,492.0015
638,732.2557
639,720.5534
640,431.5182
641,260.6534
642,283.2407
643,285.8227
644,148.09271
645,66.998764
646,37.899265
647,25.013237
648,24.337646
649,47.930893
650,73.95204
651,210.65033
652,535.8479
653,543.92303
654,351.43286
655,348.84464
656,428.384
657,384.58093
658,365.55563
659,353.0986
660,366.85742
661,452.91782
662,514.5809
663,321.21747
664,203.15118
665,139.72302
666,135.66092
667,119.3484
668,82.55619
669,58.430603
670,44.293407
671,25.332401
672,18.4158
673,32.155712
674,45.646202
675,70.211685
676,99.135605
677,198.55083
678,224.67006
679,224.16182
680,278.2139
681,312.22592
682,332.95447
683,407.15463
684,417.78192
685,367.49734
686,365.66684
687,308.60342
688,266.46732
689,210.06503
690,168.84082
691,133.76736
692,127.23277
693,107.816444
694,75.88329
695,70.966736
696,41.09455
697,35.394344
698,41.917225
699,83.76259
700,163.51257
701,234.42285
702,266.8086
703,301.6817
704,293.0309
705,301.83917
706,302.92612
707,215.94989
708,214.73077
709,265.679
710,277.20126
711,224.3908
712,168.52904
713,165.85077
714,138.70883
715,106.78089
716,92.663
717,52.163025
718,39.17488
719,31.597578
720,28.172907
721,26.345
722,58.994564
723,92.04244
724,140.21751
725,163.2844
726,251.18787
727,260.24896
728,244.06416
729,255.7933
730,294.1421
731,270.7796
732,309.7172
733,324.86047
734,362.28925
735,233.07976
736,173.57834
737,135.96164
738,101.29216
739,63.040833
740,31.991137
741,17.017387
742,3.2695556
743,6.116447
744,22.54078
745,67.03802
746,248.95667
747,827.2994
748,762.45715
749,369.67294
750,288.8265
751,360.63373
752,373.05716
753,338.62778
754,294.3448
755,288.82138
756,403.7258
757,617.77527
758,595.4607
759,329.10446
760,223.15773
761,223.895
762,203.12473
763,105.71234
764,47.162395
765,19.746508
766,15.773385
767,5.532745
768,19.069391
769,63.465137
770,179.61938
771,564.472
772,640.30035
773,324.54123
774,277.948
775,442.57373
776,420.74487
777,411.82178
778,368.54813
779,363.44952
780,506.66852
781,789.5301
782,840.3278
783,484.72556
784,276.06766
785,301.6677
786,273.6139
787,142.84573
788,65.36577
789,30.594528
790,15.371053
791,17.547735
792,30.360569
793,61.39391
794,134.7169
795,415.39438
796,474.49588
797,183.4414
798,208.81538
799,320.72714
800,324.4107
801,321.01685
802,299.50427
803,320.32706
804,465.42465
805,717.8878
806,737.9686
807,452.11093
808,286.39963
809,314.6696
810,278.30444
811,173.68768
812,107.5711
813,58.261555
814,31.231958
815,23.53639
816,32.580048
817,74.54718
818,194.45036
819,593.68616
820,624.82983
821,309.15497
822,304.29907
823,405.9244
824,369.03445
825,368.69965
826,360.16248
827,386.7566
828,491.71112
829,634.40497
830,583.7222
831,372.54144
832,289.74857
833,276.09302
834,235.7077
835,213.3906
836,171.89806
837,139.91664
838,76.58244
839,59.865967
840,69.528435
841,41.358517
842,64.33892
843,129.02332
844,242.96893
845,324.17712
846,372.83115
847,390.9214
848,444.40283
849,487.75305
850,504.222
851,147.59377
852,1.4269682
853,-1.3842777
854,-0.7386814
855,2.3277862
856,1.159438
857,5.426223
858,3.9464083
859,6.184527
860,2.3858614
861,1.1857413
862,-0.86870116
863,-1.5698701
864,-1.5183967
865,-2.6042593
866,-1.0915118
867,0.9023288
868,0.96929145
869,1.5347911
870,5.2329645
871,2.6713786
872,0.9907564
873,9.999551
874,4.248531
875,0.49966317
876,0.52941257
877,-1.3750774
878,-1.7074524
879,-6.2888603
880,-1.1712257
881,0.74257463
882,1.1857413
883,-1.4856113
884,-1.4856113
885,-1.4856113
886,-1.7346295
887,1.0229396
888,1.8956758
889,4.2249866
890,6.049133
891,5.8716245
892,3.327565
893,2.2071652
894,3.707799
895,1.1462156
896,-0.5344089
897,3.1482244
898,6.6068034
899,2.857935
900,9.1686125
901,27.232332
902,-3.0905962
903,-6.307074
904,-2.037154
905,0.9952379
906,1.4384047
907,-0.34515783
908,-0.34515783
909,-0.34515783
910,-0.6268043
911,-1.3279735
912,-1.2764999
913,1.0528091
914,-0.1775888
915,0.46616238
916,0.5331244
917,1.2867063
918,2.7873406
919,0.22575597
920,-1.4548668
921,2.227765
922,3.8123643
923,0.06349629
924,7.621783
925,139.82823
926,4.7128935
927,-6.046964
928,-0.929329
929,2.1356924
930,2.5788586
931,-0.3606061
932,-0.3606061
933,-0.3606061
934,-0.64225274
935,-1.343422
936,-0.7394543
937,1.5898544
938,0.3594567
939,0.28870088
940,0.35566318
941,1.1092452
942,2.033443
943,-0.52814245
944,-1.6782283
945,2.050304
946,3.634903
947,-0.11396519
948,-8.759679
949,51.89144
950,-11.668572
951,-6.6889086
952,-1.5712739
953,1.4937469
954,1.9369134
955,-0.38364857
956,-0.38364857
957,-0.38364857
958,-0.99817544
959,-1.3664643
960,-0.76249665
961,1.5668129
962,0.33641416
963,0.2656585
964,1.2760948
965,2.029677
966,7.223476
967,4.661892
968,6.690003
969,4.890548
970,6.475147
971,3.3566978
972,5.7139673
973,1.2280434
974,2.805077
975,-1.7763306
976,1.4345292
977,4.8324304
978,5.2755966
979,-1.2515215
980,-1.2515215
981,-1.2515215
982,-0.7964204
983,-1.1647092
984,-0.5607416
985,-0.9745787
986,0.5381692
987,0.46741337
988,1.4778498
989,7.369511
990,14.760849
991,12.1992655
992,52.29711
993,361.3327
994,339.6034
995,380.2595
996,511.6502
997,684.4002
998,658.46
999,463.89117
1000,302.12836
1001,282.12195
1002,320.12527
1003,217.80379
1004,179.33806
1005,140.79846
1006,72.90637
1007,53.285965
1008,52.232124
1009,51.746094
1010,69.81197
1011,138.2791
1012,238.18811
1013,298.28268
1014,328.9352
1015,391.40707
1016,388.86044
1017,453.1558
1018,514.6765
1019,24.030214
1020,-0.90606284
1021,0.83703923
1022,1.5759012
1023,-8.394008
1024,6.448675
1025,-0.36591125
1026,0.93922186
1027,5.5642657
1028,1.1857413
1029,1.1857413
1030,-0.86870116
1031,-1.5698701
1032,-1.5183967
1033,-2.6042593
1034,-1.0915118
1035,0.9023288
1036,0.96929145
1037,1.5347911
1038,5.2329645
1039,2.6713786
1040,6.3169184
1041,9.999551
1042,4.248531
1043,0.49966317
1044,0.52941257
1045,-1.3750774
1046,-1.7074524
1047,-6.2888603
1048,-1.1712257
1049,0.74257463
1050,1.1857413
1051,-1.4856113
1052,-1.4856113
1053,-1.4856113
1054,-1.7346295
1055,1.0229396
1056,1.8956758
1057,4.2249866
1058,6.049133
1059,5.8716245
1060,3.327565
1061,2.2071652
1062,3.707799
1063,1.1462156
1064,-0.5344089
1065,3.1482244
1066,6.6068034
1067,2.857935
1068,9.1686125
1069,27.232332
1070,-3.0905962
1071,-6.307074
1072,-2.037154
1073,0.9952379
1074,1.4384047
1075,-0.34515783
1076,-0.34515783
1077,-0.34515783
1078,-0.6268043
1079,-1.3279735
1080,-1.2764999
1081,1.0528091
1082,-0.1775888
1083,0.46616238
1084,0.5331244
1085,1.2867063
1086,2.7873406
1087,0.22575597
1088,-1.4548668
1089,2.227765
1090,3.8123643
1091,0.06349629
1092,7.621783
1093,139.82823
1094,641.0874
1095,349.2207
1096,195.30049
1097,185.53052
1098,225.08862
1099,93.42419
1100,46.55345
1101,21.968422
1102,15.383303
1103,4.706312
1104,18.468763
1105,57.120724
1106,162.72697
1107,563.6357
1108,673.1675
1109,286.6868
1110,245.31174
1111,291.78635
1112,259.29004
1113,242.32954
1114,173.34834
1115,193.77278
1116,289.5296
1117,521.5542
1118,610.905
1119,331.9371
1120,197.52908
1121,206.61363
1122,184.30196
1123,94.33727
1124,44.63466
1125,29.92177
1126,14.359437
1127,10.026907
1128,21.826122
1129,59.11119
1130,195.93002
1131,564.3031
1132,705.2617
1133,300.79022
1134,228.02718
1135,297.37317
1136,280.12592
1137,279.04205
1138,237.0877
1139,250.40752
1140,420.43015
1141,614.0357
1142,619.891
1143,381.7391
1144,248.08685
1145,238.91158
1146,230.64944
1147,146.58273
1148,97.10497
1149,57.59799
1150,16.83329
1151,20.204058
1152,33.51643
1153,65.757
1154,175.5575
1155,368.45355
1156,439.72137
1157,292.65387
1158,221.90923
1159,246.53113
1160,268.842
1161,262.16333
1162,241.71092
1163,204.07956
1164,306.67996
1165,391.5293
1166,289.38242
1167,228.75206
1168,182.7706
1169,164.25945
1170,122.47612
1171,112.788864
1172,115.4893
1173,86.638664
1174,47.619503
1175,39.690434
1176,33.91299
1177,42.4046
1178,64.84114
1179,100.91799
1180,193.08284
1181,229.99373
1182,266.81995
1183,297.2593
1184,266.01318
1185,281.43393
1186,316.4556
1187,334.68958
1188,337.8198
1189,351.1493
1190,339.65088
1191,268.07526
1192,207.86223
1193,167.4725
1194,133.83234
1195,112.716255
1196,120.05392
1197,126.06448
1198,73.227005
1199,39.63693
1200,30.613634
1201,35.834267
1202,47.198463
1203,63.07526
1204,118.70277
1205,184.33548
1206,224.45169
1207,274.6084
1208,246.67981
1209,249.25568
1210,279.7891
1211,268.26385
1212,288.34833
1213,317.70618
1214,262.3354
1215,195.58301
1216,156.8926
1217,108.22755
1218,94.33641
1219,49.32203
1220,28.564981
1221,11.108008
1222,-0.53356296
1223,4.422657
1224,20.568876
1225,77.74044
1226,225.80968
1227,780.1539
1228,712.00433
1229,290.63147
1230,224.30916
1231,262.6258
1232,282.44205
1233,242.40985
1234,234.24657
1235,253.84021
1236,370.92148
1237,646.49927
1238,590.7008
1239,340.59998
1240,186.55164
1241,155.4932
1242,95.9056
1243,38.912006
1244,15.230909
1245,4.298312
1246,-2.5977716
1247,2.4530804
1248,21.390926
1249,68.98438
1250,256.41992
1251,830.8581
1252,767.23804
1253,336.6725
1254,269.1822
1255,367.1833
1256,358.23544
1257,315.77435
1258,272.9369
1259,315.3988
1260,457.4231
1261,759.7506
1262,760.099
1263,408.12704
1264,254.62747
1265,219.65685
1266,196.1036
1267,98.39869
1268,36.67465
1269,19.665083
1270,7.498971
1271,10.253721
1272,27.950783
1273,73.9324
1274,267.22073
1275,803.0726
1276,741.66296
1277,324.58304
1278,264.5094
1279,344.29715
1280,323.02884
1281,287.51053
1282,263.6613
1283,278.7235
1284,427.40524
1285,616.28864
1286,648.46405
1287,447.341
1288,253.0127
1289,248.69406
1290,235.54105
1291,136.08148
1292,44.910915
1293,22.865772
1294,11.805079
1295,6.8106136
1296,23.552189
1297,64.609116
1298,276.069
1299,763.19666
1300,794.6072
1301,375.34235
1302,294.9677
1303,401.56177
1304,292.34317
1305,328.15454
1306,295.42715
1307,316.63644
1308,471.16144
1309,738.8505
1310,715.91113
1311,428.59842
1312,284.51697
1313,283.5991
1314,263.57706
1315,177.13956
1316,95.420906
1317,49.708878
1318,20.34032
1319,14.140677
1320,37.42351
1321,76.3714
1322,215.13208
1323,590.05646
1324,628.83636
1325,358.9463
1326,291.4921
1327,373.97214
1328,340.97174
1329,312.5602
1330,289.2381
1331,368.4516
1332,499.14407
1333,640.3633
1334,606.826
1335,363.03125
1336,281.41324
1337,264.66083
1338,239.348
1339,164.6766
1340,99.12166
1341,79.52263
1342,44.618935
1343,44.845665
1344,40.72303
1345,40.539993
1346,72.42341
1347,112.19745
1348,207.48645
1349,278.39053
1350,302.90268
1351,356.7167
1352,355.08356
1353,287.04596
1354,260.44803
1355,208.53802
1356,289.86612
1357,256.46387
1358,246.01901
1359,195.54576
1360,128.3601
1361,114.05961
1362,74.12829
1363,73.31353
1364,81.913956
1365,83.585724
1366,49.611027
1367,38.01827
1368,31.13281
1369,31.941374
1370,51.24133
1371,97.08426
1372,141.46599
1373,196.41705
1374,225.18358
1375,306.05176
1376,289.7927
1377,301.17432
1378,349.709
1379,372.85495
1380,338.1659
1381,391.5821
1382,327.23328
1383,226.67848
1384,163.22272
1385,136.83829
1386,123.30696
1387,55.282745
1388,31.166218
1389,21.132896
1390,-0.69008934
1391,6.271357
1392,17.894371
1393,58.91865
1394,248.22466
1395,812.2335
1396,701.01324
1397,325.05002
1398,286.6493
1399,345.5563
1400,321.07056
1401,309.79047
1402,276.73294
1403,308.2947
1404,433.6908
1405,752.2438
1406,680.5099
1407,380.54214
1408,218.6
1409,206.56108
1410,151.31628
1411,67.06486
1412,29.571182
1413,20.163471
1414,7.533561
1415,10.300673
1416,27.02663
1417,66.04557
1418,231.95995
1419,733.43286
1420,662.6915
1421,309.28278
1422,240.597
1423,242.69034
1424,265.70648
1425,275.51068
1426,245.54883
1427,279.98212
1428,449.50372
1429,690.92194
1430,671.56946
1431,420.81018
1432,250.67847
1433,223.47049
1434,177.81071
1435,185.21947
1436,115.81774
1437,96.9014
1438,40.44203
1439,29.88585
1440,36.0977
1441,37.315666
1442,61.762463
1443,97.91284
1444,157.39719
1445,219.30481
1446,267.052
1447,327.87885
1448,271.96033
1449,272.0388
1450,342.74234
1451,349.13953
1452,366.1945
1453,401.80136
1454,436.34125
1455,328.38113
1456,121.42038
1457,57.8637
1458,85.86588
1459,46.117893
1460,21.794706
1461,16.920362
1462,6.0189466
1463,11.526625
1464,20.397375
1465,75.41569
1466,234.06972
1467,740.71375
1468,645.87744
1469,305.88232
1470,248.21382
1471,312.71478
1472,314.5121
1473,274.63867
1474,227.46475
1475,193.10176
1476,238.52812
1477,397.35422
1478,380.83716
1479,222.29959
1480,172.4795
1481,155.5913
1482,127.70247
1483,97.09322
1484,60.987877
1485,41.785465
1486,20.17739
1487,15.9369135
1488,35.297215
1489,55.84867
1490,166.34387
1491,527.8534
1492,560.5407
1493,336.7398
1494,285.8595
1495,339.92136
1496,329.57324
1497,296.04507
1498,300.3319
1499,347.0642
1500,446.2539
1501,582.002
1502,536.15656
1503,354.9795
1504,249.72534
1505,233.83742
1506,204.61412
1507,167.98557
1508,134.47153
1509,112.743744
1510,49.579292
1511,34.636074
1512,45.03485
1513,43.19497
1514,74.78059
1515,151.03561
1516,193.21225
1517,228.98308
1518,260.1026
1519,301.3453
1520,274.89056
1521,303.18234
1522,324.15717
1523,312.43073
1524,347.02435
1525,354.16336
1526,347.96057
1527,312.7647
1528,228.32237
1529,181.44136
1530,165.30757
1531,140.6938
1532,128.13309
1533,82.498375
1534,62.912487
1535,52.116257
1536,47.447605
1537,33.553467
1538,50.00905
1539,79.399994
1540,122.212234
1541,184.19344
1542,221.18744
1543,262.16064
1544,263.44052
1545,258.21722
1546,279.2527
1547,256.4772
1548,224.37273
1549,234.82736
1550,266.36963
1551,198.24098
1552,156.28539
1553,101.59525
1554,95.21406
1555,52.109833
1556,13.4804
1557,8.417315
1558,1.1308547
1559,11.612982
1560,25.21869
1561,73.57124
1562,221.2728
1563,662.6544
1564,636.4331
1565,317.23358
1566,250.09467
1567,310.12756
1568,303.31516
1569,289.22394
1570,270.31274
1571,279.85825
1572,386.32434
1573,627.0549
1574,600.02313
1575,329.95718
1576,204.04231
1577,176.25383
1578,131.96269
1579,75.96192
1580,32.96254
1581,19.60232
1582,9.908129
1583,11.509997
1584,26.712128
1585,74.112724
1586,263.54407
1587,708.1706
1588,650.11395
1589,305.65387
1590,272.87546
1591,365.13882
1592,358.76047
1593,333.8477
1594,309.2069
1595,326.31616
1596,468.8844
1597,664.4714
1598,620.4335
1599,405.65845
1600,234.06506
1601,196.55533
1602,193.12555
1603,135.61028
1604,92.807106
1605,52.471226
1606,24.19434
1607,23.071291
1608,39.552494
1609,54.080875
1610,73.77831
1611,125.16363
1612,191.00925
1613,202.37582
1614,227.84843
1615,254.83728
1616,234.13164
1617,265.01257
1618,293.43323
1619,301.65552
1620,276.7999
1621,276.45813
1622,307.24503
1623,243.6393
1624,169.13641
1625,121.46597
1626,109.14247
1627,86.68067
1628,58.542755
1629,35.354282
1630,17.217264
1631,19.692907
1632,23.463161
1633,44.510567
1634,64.566086
1635,103.45983
1636,153.05887
1637,194.44603
1638,210.33194
1639,237.2038
1640,264.89484
1641,294.82144
1642,321.49884
1643,328.63397
1644,346.75668
1645,326.33447
1646,352.62292
1647,273.34344
1648,184.0233
1649,177.25754
1650,146.41956
1651,98.82442
1652,68.53
1653,45.162178
1654,17.789816
1655,20.916409
1656,29.263895
1657,58.57842
1658,94.16104
1659,209.44066
1660,243.04716
1661,262.0204
1662,265.9356
1663,303.22983
1664,278.00726
1665,280.56586
1666,307.3808
1667,332.89044
1668,381.62805
1669,407.88837
1670,376.65686
1671,312.80893
1672,238.49199
1673,203.261
1674,181.07787
1675,142.28476
1676,101.46726
1677,71.093254
1678,45.871616
1679,32.06868
1680,33.214783
1681,42.653324
1682,66.85821
1683,104.73093
1684,221.71924
1685,283.92276
1686,276.37103
1687,282.4065
1688,304.07178
1689,335.8777
1690,388.7385
1691,384.97415
1692,377.26883
1693,318.05164
1694,338.58997
1695,300.81393
1696,240.2669
1697,193.1877
1698,191.14044
1699,140.67319
1700,103.56072
1701,81.71101
1702,44.077694
1703,32.978382
1704,33.526714
1705,42.87673
1706,49.787266
1707,76.864746
1708,133.5984
1709,191.94115
1710,232.14221
1711,280.85138
1712,247.67453
1713,250.80261
1714,282.6698
1715,244.37619
1716,186.36987
1717,209.9584
1718,235.28232
1719,184.48457
1720,149.34901
1721,139.96223
1722,91.7919
1723,47.076626
1724,24.77004
1725,10.756032
1726,3.4774537
1727,11.7458
1728,28.98293
1729,64.91775
1730,242.86781
1731,834.8224
1732,662.69464
1733,272.197
1734,256.85565
1735,312.8478
1736,298.41708
1737,267.76187
1738,276.60422
1739,280.2178
1740,387.7581
1741,751.98456
1742,694.8229
1743,374.14725
1744,227.95438
1745,212.8436
1746,156.73907
1747,76.82193
1748,43.363525
1749,20.191551
1750,13.7694435
1751,13.894496
1752,27.602108
1753,70.11142
1754,222.40277
1755,549.3846
1756,409.66138
1757,165.04689
1758,98.668945
1759,151.61859
1760,174.78612
1761,186.5494
1762,184.49074
1763,204.28258
1764,319.18457
1765,558.3168
1766,523.012
1767,314.38858
1768,192.49443
1769,199.36237
1770,180.80597
1771,87.18895
1772,32.42141
1773,17.882984
1774,8.759912
1775,13.035923
1776,20.398163
1777,72.7671
1778,258.48593
1779,821.2225
1780,807.029
1781,329.70877
1782,271.4411
1783,385.1106
1784,399.41864
1785,324.063
1786,326.83057
1787,319.74673
1788,479.41818
1789,751.35333
1790,692.139
1791,400.53583
1792,255.00246
1793,222.21306
1794,283.1207
1795,153.70746
1796,74.422005
1797,40.50068
1798,10.919677
1799,15.599114
1800,31.237244
1801,72.25245
1802,283.74054
1803,857.5897
1804,781.29395
1805,350.93918
1806,282.05295
1807,378.11887
1808,362.17233
1809,327.4132
1810,291.07156
1811,331.49478
1812,501.751
1813,768.70013
1814,717.2463
1815,441.79385
1816,274.75406
1817,294.94473
1818,267.27527
1819,171.62204
1820,106.597984
1821,44.46359
1822,18.228281
1823,20.048973
1824,49.925785
1825,78.76709
1826,214.30394
1827,632.34235
1828,659.0739
1829,337.60825
1830,278.84894
1831,401.07413
1832,366.57785
1833,336.9534
1834,332.23233
1835,360.42148
1836,489.75766
1837,583.7548
1838,532.6474
1839,350.52692
1840,242.13815
1841,238.90808
1842,224.68663
1843,171.62766
1844,135.05542
1845,108.57819
1846,70.14701
1847,45.188442
1848,43.248955
1849,47.761074
1850,73.77915
1851,144.9511
1852,225.35463
1853,285.21338
1854,322.17255
1855,354.03537
1856,331.83374
1857,384.2637
1858,353.49908
1859,365.87823
1860,395.58115
1861,376.58908
1862,346.91562
1863,334.05133
1864,243.66396
1865,207.45905
1866,207.95079
1867,165.2542
1868,114.941284
1869,87.345856
1870,66.33964
1871,46.59778
1872,37.797054
1873,35.515076
1874,57.85862
1875,79.475845
1876,145.00029
1877,195.37276
1878,216.76546
1879,266.77646
1880,242.85616
1881,244.88339
1882,253.25528
1883,283.23007
1884,307.25897
1885,345.50928
1886,324.38733
1887,278.50537
1888,204.12204
1889,187.92627
1890,145.30298
1891,103.491325
1892,63.799713
1893,34.992004
1894,24.818386
1895,18.290462
1896,30.551704
1897,49.150883
1898,74.93229
1899,223.9326
1900,308.15176
1901,284.45563
1902,293.62936
1903,350.3831
1904,331.47208
1905,335.15033
1906,345.41147
1907,354.3344
1908,268.78412
1909,231.0538
1910,313.8996
1911,219.60562
1912,163.45058
1913,143.27733
1914,117.49869
1915,78.38655
1916,27.618126
1917,11.107495
1918,5.5426474
1919,10.166829
1920,24.550682
1921,80.98924
1922,269.85687
1923,807.5434
1924,786.3252
1925,340.80698
1926,269.14896
1927,343.6239
1928,338.41284
1929,303.69595
1930,273.48288
1931,323.78128
1932,429.0886
1933,653.3091
1934,672.33575
1935,378.90488
1936,226.49457
1937,229.13481
1938,218.14424
1939,101.997536
1940,46.49531
1941,19.821518
1942,14.043947
1943,13.743945
1944,30.940222
1945,75.02951
1946,285.54837
1947,863.6052
1948,796.73834
1949,314.10513
1950,278.5718
1951,353.04153
1952,310.3506
1953,277.06024
1954,211.31874
1955,243.57631
1956,399.9069
1957,693.44476
1958,715.18976
1959,411.66614
1960,259.35742
1961,265.7729
1962,244.54784
1963,140.76074
1964,69.146866
1965,39.960915
1966,20.249578
1967,15.784503
1968,32.582657
1969,55.585335
1970,277.6505
1971,851.19214
1972,794.1004
1973,344.19543
1974,264.69623
1975,381.42383
1976,407.8831
1977,307.12146
1978,323.52325
1979,335.00363
1980,490.6835
1981,704.4767
1982,689.03595
1983,410.59027
1984,260.5849
1985,277.84195
1986,269.51743
1987,153.92455
1988,105.679794
1989,64.77117
1990,22.988888
1991,22.81677
1992,38.62689
1993,76.10756
1994,233.82553
1995,612.1067
1996,621.6491
1997,356.5525
1998,304.7514
1999,362.8639
2000,360.88733
2001,368.3099
2002,326.3359
2003,311.64276
2004,507.86258
2005,669.88873
2006,627.466
2007,466.22653
2008,289.82275
2009,261.0088
2010,257.86978
2011,220.0732
2012,151.49866
2013,128.67664
2014,65.86162
2015,47.45424
2016,42.10457
2017,50.902004
2018,90.594795
2019,171.0186
2020,266.12265
2021,368.4566
2022,370.74283
2023,392.7688
2024,436.71725
2025,466.7532
2026,488.7839
2027,459.96573
2028,448.8143
2029,480.60974
2030,463.95193
2031,375.60266
2032,280.17468
2033,261.76083
2034,250.39963
2035,195.45119
2036,164.18857
2037,146.65193
2038,88.751595
2039,45.426716
2040,44.48703
2041,40.45366
2042,57.128273
2043,119.517334
2044,186.0142
2045,265.63617
2046,318.15082
2047,378.49582
2048,334.6189
2049,376.93622
2050,413.31717
2051,350.52875
2052,357.4721
2053,367.72122
2054,346.8447
2055,258.10074
2056,190.05507
2057,161.01884
2058,125.07383
2059,54.365234
2060,26.693604
2061,21.418911
2062,8.370067
2063,13.160673
2064,29.270712
2065,81.49219
2066,236.75258
2067,763.98755
2068,753.1042
2069,287.8763
2070,261.52982
2071,317.7431
2072,272.737
2073,261.4064
2074,187.87193
2075,238.50273
2076,431.75638
2077,748.4099
2078,639.6198
2079,354.78717
2080,213.44626
2081,257.63034
2082,149.49875
2083,81.29987
2084,46.116386
2085,32.819317
2086,16.517828
2087,10.196441
2088,27.25917
2089,73.340454
2090,278.8959
2091,882.0639
2092,838.1974
2093,293.44028
2094,192.74419
2095,252.81609
2096,224.32613
2097,203.18062
2098,209.56166
2099,228.0544
2100,422.92773
2101,714.56836
2102,656.0906
2103,380.0051
2104,244.4283
2105,234.27281
2106,221.80875
2107,105.73777
2108,47.962463
2109,24.061224
2110,12.332558
2111,9.447186
2112,27.838133
2113,67.53034
2114,181.88176
2115,487.70395
2116,547.60547
2117,264.65012
2118,231.68326
2119,272.50897
2120,187.39748
2121,171.18816
2122,134.20801
2123,156.16327
2124,257.12512
2125,432.94916
2126,432.12497
2127,232.9263
2128,157.91957
2129,180.76367
2130,170.48036
2131,98.42024
2132,55.300835
2133,27.883018
2134,13.029836
2135,14.880239
2136,26.173794
2137,67.345314
2138,223.19547
2139,721.1685
2140,661.083
2141,297.48782
2142,228.3643
2143,263.45804
2144,262.86926
2145,237.29768
2146,195.45444
2147,236.86363
2148,392.1021
2149,707.86755
2150,671.60535
2151,380.75528
2152,249.21048
2153,260.20605
2154,226.40536
2155,144.52605
2156,99.40084
2157,58.74801
2158,30.911226
2159,20.013834
2160,33.12585
2161,67.34958
2162,231.96092
2163,503.96072
2164,546.2169
2165,301.50894
2166,253.84059
2167,327.67654
2168,314.65634
2169,303.79224
2170,236.078
2171,269.10297
2172,401.78473
2173,438.4741
2174,418.89767
2175,286.8958
2176,191.12148
2177,191.88696
2178,162.40536
2179,132.91086
2180,111.580864
2181,95.387634
2182,61.55655
2183,38.656754
2184,36.248478
2185,43.37228
2186,84.81785
2187,132.6692
2188,222.22679
2189,262.8332
2190,284.23083
2191,293.79825
2192,227.53258
2193,215.63037
2194,219.25015
2195,192.68634
2196,293.75034
2197,307.73535
2198,289.81454
2199,258.379
2200,206.91905
2201,177.19878
2202,165.17735
2203,160.31584
2204,134.78285
2205,94.48568
2206,68.81851
2207,51.755314
2208,31.382475
2209,36.026863
2210,49.05402
2211,54.084763
2212,111.69327
2213,177.0514
2214,211.76973
2215,263.17825
2216,273.09738
2217,305.0639
2218,327.3411
2219,337.30655
2220,337.6669
2221,316.4032
2222,299.4157
2223,233.5156
2224,186.88403
2225,173.85216
2226,123.88566
2227,59.497486
2228,36.3342
2229,17.174953
2230,11.680639
2231,14.62839
2232,28.162909
2233,77.98417
2234,238.44165
2235,817.7221
2236,767.8202
2237,295.10007
2238,247.14873
2239,295.56085
2240,326.70892
2241,308.73877
2242,256.60388
2243,312.04352
2244,500.5307
2245,794.16943
2246,696.308
2247,386.25696
2248,253.6546
2249,222.22485
2250,199.07646
2251,83.05917
2252,45.301228
2253,21.596832
2254,8.836275
2255,14.08756
2256,30.423294
2257,78.26255
2258,316.97302
2259,896.6532
2260,909.9269
2261,375.41223
2262,277.6871
2263,384.68277
2264,361.6404
2265,352.44434
2266,303.5773
2267,392.7513
2268,555.4105
2269,864.8949
2270,765.45294
2271,426.3927
2272,282.18924
2273,268.71063
2274,270.3259
2275,151.61111
2276,71.185234
2277,40.9971
2278,14.326815
2279,17.136408
2280,32.93041
2281,88.100815
2282,298.384
2283,858.75
2284,849.9016
2285,370.51822
2286,294.21786
2287,387.13998
2288,423.51035
2289,351.36707
2290,321.71097
2291,356.14606
2292,518.3058
2293,820.90137
2294,800.84924
2295,470.24832
2296,312.23627
2297,300.53006
2298,312.74664
2299,187.8408
2300,83.1463
2301,43.94151
2302,17.48171
2303,20.332811
2304,40.415302
2305,76.4219
2306,271.10132
2307,851.9463
2308,854.0597
2309,365.48874
2310,331.4976
2311,384.94214
2312,374.82117
2313,397.85373
2314,359.49396
2315,386.7261
2316,526.54645
2317,920.25916
2318,765.0518
2319,483.04022
2320,314.27692
2321,339.5645
2322,285.51068
2323,175.79944
2324,105.83624
2325,54.624977
2326,25.927729
2327,26.156115
2328,45.951122
2329,81.61552
2330,241.76683
2331,651.6384
2332,632.16693
2333,370.41064
2334,318.0445
2335,404.326
2336,398.2328
2337,397.08972
2338,379.62805
2339,420.23203
2340,545.2929
2341,732.5564
2342,717.7484
2343,466.5513
2344,316.77512
2345,301.06598
2346,265.43213
2347,213.6593
2348,133.33716
2349,123.22018
2350,67.551094
2351,41.34923
2352,46.391434
2353,49.442806
2354,83.10376
2355,172.83739
2356,287.58163
2357,349.9926
2358,369.67285
2359,394.24503
2360,407.96844
2361,465.489
2362,536.86786
2363,501.7786
2364,500.60187
2365,448.83655
2366,458.11926
2367,378.32956
2368,296.3711
2369,252.0116
2370,237.95396
2371,193.18135
2372,139.28568
2373,110.65322
2374,75.19019
2375,54.35198
2376,46.215332
2377,41.337513
2378,57.26784
2379,95.39792
2380,192.72617
2381,242.23274
2382,284.30673
2383,382.479
2384,380.95963
2385,422.47736
2386,418.42044
2387,446.4064
2388,462.67978
2389,425.95163
2390,405.64078
2391,284.66898
2392,215.53014
2393,177.13979
2394,139.48721
2395,63.557674
2396,42.769222
2397,27.164007
2398,14.5075445
2399,16.7988
2400,34.18652
2401,82.228935
2402,263.3526
2403,818.3877
2404,770.8154
2405,326.9329
2406,271.34946
2407,319.61392
2408,306.42285
2409,249.65929
2410,192.68896
2411,262.95816
2412,466.83734
2413,808.41095
2414,653.93677
2415,376.6793
2416,231.03719
2417,217.62251
2418,180.64505
2419,91.064804
2420,45.91989
2421,28.023134
2422,15.367404
2423,16.24895
2424,31.385056
2425,75.872505
2426,290.90872
2427,869.3416
2428,852.4157
2429,376.86075
2430,281.48264
2431,310.37567
2432,329.1199
2433,330.8562
2434,311.29153
2435,329.0501
2436,496.03958
2437,758.6224
2438,730.4252
2439,420.69495
2440,270.49557
2441,287.12067
2442,248.0509
2443,131.46664
2444,79.71205
2445,35.465214
2446,12.619026
2447,18.84923
2448,35.640762
2449,84.90455
2450,292.7743
2451,820.2957
2452,808.9472
2453,379.94937
2454,301.8116
2455,384.1232
2456,366.9086
2457,347.84277
2458,282.24304
2459,324.96112
2460,486.88162
2461,712.09686
2462,783.91437
2463,426.9202
2464,276.94257
2465,264.7427
2466,268.3948
2467,160.4787
2468,77.761345
2469,44.53164
2470,17.535883
2471,22.026834
2472,40.62347
2473,86.43321
2474,259.6596
2475,793.24304
2476,833.2058
2477,398.496
2478,311.7294
2479,414.48767
2480,421.2909
2481,359.20312
2482,320.15976
2483,355.5647
2484,502.06317
2485,774.8884
2486,763.5025
2487,475.81598
2488,316.2952
2489,299.8442
2490,278.40192
2491,169.10312
2492,90.82347
2493,46.11042
2494,19.022284
2495,23.570028
2496,52.341743
2497,87.05525
2498,222.76387
2499,577.3025
2500,597.05054
2501,352.147
2502,304.91513
2503,363.2938
2504,347.18417
2505,335.0397
2506,325.48004
2507,349.02097
2508,498.95685
2509,627.8843
2510,513.2943
2511,306.36948
2512,182.0303
2513,204.81357
2514,176.8614
2515,168.34517
2516,141.35693
2517,113.97762
2518,52.762245
2519,40.232307
2520,38.57585
2521,44.501247
2522,75.8808
2523,146.0044
2524,234.3085
2525,314.83835
2526,338.19183
2527,379.2806
2528,342.23935
2529,381.36716
2530,375.35187
2531,369.1387
2532,363.59268
2533,282.43344
2534,322.09656
2535,277.99887
2536,194.2883
2537,171.27606
2538,150.9947
2539,140.21834
2540,115.98551
2541,83.928375
2542,53.530052
2543,37.96956
2544,35.938618
2545,33.67948
2546,42.46715
2547,43.48267
2548,69.96726
2549,151.6271
2550,206.42062
2551,258.71967
2552,273.13376
2553,285.3013
2554,248.27586
2555,226.16173
2556,238.5131
2557,307.3588
2558,273.7708
2559,201.56958
2560,149.6596
2561,125.35778
2562,99.812965
2563,67.93653
2564,33.677113
2565,19.256533
2566,10.08137
2567,14.305219
2568,30.994951
2569,77.16149
2570,235.80142
2571,743.29016
2572,743.89484
2573,314.20563
2574,252.36975
2575,310.64145
2576,301.1776
2577,286.55182
2578,285.8333
2579,354.7958
2580,448.7661
2581,783.1852
2582,709.59064
2583,424.2342
2584,253.04118
2585,195.60945
2586,296.70724
2587,134.75002
2588,50.223904
2589,36.188774
2590,20.806986
2591,15.521596
2592,31.671883
2593,86.775276
2594,230.65848
2595,347.56064
2596,456.47787
2597,224.22224
2598,232.56763
2599,300.01047
2600,325.63245
2601,301.09903
2602,308.69144
2603,305.2366
2604,427.04932
2605,663.6739
2606,615.8427
2607,386.34186
2608,265.43256
2609,230.36453
2610,234.395
2611,127.46458
2612,46.2005
2613,23.455242
2614,13.235774
2615,17.006752
2616,47.67566
2617,73.19039
2618,246.9207
2619,706.5861
2620,731.1547
2621,341.9485
2622,285.71533
2623,383.74188
2624,386.39227
2625,365.45398
2626,324.08185
2627,342.20517
2628,510.1194
2629,792.40344
2630,784.4283
2631,489.734
2632,314.23883
2633,320.71912
2634,337.18018
2635,188.96779
2636,86.46158
2637,50.63922
2638,21.31655
2639,20.18036
2640,32.51182
2641,89.50412
2642,257.04553
2643,698.4539
2644,793.07526
2645,388.86893
2646,325.78177
2647,406.46454
2648,382.2883
2649,399.61646
2650,346.09863
2651,367.06363
2652,529.3587
2653,817.8702
2654,706.83844
2655,431.32144
2656,298.2212
2657,285.5917
2658,73.22601
2659,189.69289
2660,137.63373
2661,82.15879
2662,24.111921
2663,21.095713
2664,54.21465
2665,97.759834
2666,206.00935
2667,394.4301
2668,363.94806
2669,235.17006
2670,241.50554
2671,275.76663
2672,291.06372
2673,326.70013
2674,293.27417
2675,302.4101
2676,446.68643
2677,614.615
2678,656.7291
2679,537.8721
2680,446.74472
2681,454.6488
2682,552.4409
2683,453.3515
2684,425.07663
2685,459.0447
2686,218.30348
2687,123.995636
2688,59.876404
2689,46.91353
2690,60.376476
2691,87.47163
2692,151.00017
2693,233.35623
2694,250.38223
2695,298.80692
2696,273.3518
2697,346.5222
2698,430.0594
2699,426.61438
2700,466.58444
2701,448.20853
2702,449.77316
2703,398.66995
2704,300.90378
2705,243.97662
2706,228.86981
2707,191.80759
2708,161.2784
2709,141.32468
2710,59.945385
2711,47.79347
2712,40.063606
2713,40.84124
2714,67.91448
2715,117.39426
2716,185.21216
2717,242.3056
2718,290.60693
2719,383.27423
2720,325.49988
2721,375.5424
2722,414.64523
2723,452.826
2724,456.78287
2725,479.3585
2726,489.66833
2727,387.47937
2728,256.16367
2729,210.12045
2730,198.53719
2731,92.1302
2732,50.62834
2733,38.06879
2734,20.98608
2735,18.611269
2736,35.785538
2737,87.12518
2738,253.01898
2739,766.4242
2740,786.40094
2741,327.66528
2742,299.72372
2743,372.99826
2744,353.13565
2745,339.02567
2746,313.13306
2747,363.125
2748,534.03186
2749,839.65204
2750,754.35596
2751,464.85217
2752,304.30325
2753,240.79042
2754,214.07565
2755,106.26456
2756,65.626785
2757,35.75526
2758,12.5062
2759,14.763456
2760,36.337757
2761,89.84581
2762,263.1977
2763,882.0451
2764,972.55444
2765,419.37103
2766,295.34067
2767,378.01273
2768,397.55426
2769,391.8726
2770,376.33255
2771,378.30124
2772,624.68365
2773,908.4501
2774,810.21576
2775,537.8262
2776,345.2351
2777,334.72937
2778,306.4908
2779,169.75769
2780,87.788574
2781,48.721104
2782,19.759996
2783,19.382103
2784,38.675724
2785,89.75211
2786,264.92563
2787,782.00464
2788,822.9275
2789,434.4318
2790,322.31384
2791,444.38385
2792,398.56552
2793,400.17847
2794,332.59796
2795,399.04962
2796,555.7083
2797,909.168
2798,868.63416
2799,513.1702
2800,329.54022
2801,328.002
2802,300.575
2803,168.94923
2804,109.13956
2805,55.6458
2806,20.903349
2807,23.667376
2808,39.350807
2809,87.7495
2810,233.33524
2811,764.8334
2812,795.42725
2813,433.93552
2814,355.9094
2815,437.6558
2816,400.77145
2817,396.85205
2818,370.35608
2819,384.98935
2820,545.6183
2821,878.791
2822,819.09717
2823,527.51013
2824,349.66373
2825,372.2357
2826,303.89514
2827,214.77203
2828,143.49078
2829,93.98856
2830,33.250072
2831,26.977285
2832,47.284805
2833,76.333984
2834,185.2695
2835,504.4976
2836,610.1662
2837,382.94424
2838,350.33298
2839,387.9185
2840,389.49054
2841,376.89148
2842,374.36093
2843,390.09598
2844,547.9043
2845,675.81055
2846,702.86395
2847,507.2646
2848,319.50122
2849,302.33313
2850,256.11545
2851,219.92009
2852,159.68951
2853,131.45993
2854,57.524734
2855,40.22218
2856,49.442364
2857,48.243126
2858,72.76364
2859,161.33333
2860,251.38365
2861,293.72534
2862,352.4055
2863,364.96854
2864,353.21194
2865,394.08334
2866,401.61386
2867,405.9827
2868,444.43158
2869,432.40274
2870,417.92386
2871,333.57867
2872,237.71912
2873,171.06293
2874,161.31749
2875,158.25896
2876,124.96501
2877,106.77952
2878,54.85881
2879,46.75931
2880,38.07982
2881,36.09978
2882,45.926506
2883,104.60547
2884,182.37758
2885,216.00072
2886,329.07306
2887,385.55597
2888,367.18167
2889,412.5088
2890,439.2094
2891,452.64413
2892,444.92276
2893,427.43295
2894,360.69336
2895,244.2169
2896,181.2917
2897,158.41809
2898,168.04826
2899,112.96498
2900,73.21623
2901,41.973236
2902,14.043495
2903,16.759615
2904,29.504808
2905,73.97897
2906,236.07314
2907,777.8641
2908,702.8792
2909,318.4544
2910,267.1552
2911,307.38635
2912,307.82095
2913,305.08093
2914,296.99417
2915,334.10718
2916,518.317
2917,775.0862
2918,584.85126
2919,458.20233
2920,268.92227
2921,207.30406
2922,188.74184
2923,111.438576
2924,59.277477
2925,25.89035
2926,12.256222
2927,16.083055
2928,29.809288
2929,75.14629
2930,253.8856
2931,789.48987
2932,809.97644
2933,380.37744
2934,274.76813
2935,376.81946
2936,339.66833
2937,318.33658
2938,290.56128
2939,337.22168
2940,512.90955
2941,811.82837
2942,720.4807
2943,420.65924
2944,266.10596
2945,261.20578
2946,232.23112
2947,114.68165
2948,65.35805
2949,38.494164
2950,12.555676
2951,17.998774
2952,33.838047
2953,78.90001
2954,241.37685
2955,764.4371
2956,795.5049
2957,349.7073
2958,269.17603
2959,340.5299
2960,350.32635
2961,342.19382
2962,296.0072
2963,346.66068
2964,512.9606
2965,791.2054
2966,758.43726
2967,462.63068
2968,310.1473
2969,310.27536
2970,281.67447
2971,175.4644
2972,92.492
2973,46.310047
2974,22.939253
2975,24.203314
2976,40.494923
2977,74.6021
2978,219.70206
2979,747.83704
2980,766.5224
2981,375.27353
2982,300.8772
2983,378.9953
2984,362.572
2985,355.70505
2986,318.9544
2987,346.7929
2988,494.83847
2989,797.2134
2990,759.9177
2991,452.92108
2992,300.1048
2993,300.6137
2994,278.16684
2995,184.00237
2996,108.98653
2997,59.937725
2998,22.796778
2999,26.498251
3000,45.283234
3001,91.177605
3002,193.87865
3003,507.9685
3004,605.83325
3005,334.71533
3006,320.282
3007,361.78467
3008,352.54663
3009,330.18893
3010,313.7407
3011,401.32938
3012,524.674
3013,612.88416
3014,561.99524
3015,462.40103
3016,275.77237
3017,218.84116
3018,216.96178
3019,340.3579
3020,199.7037
3021,169.99414
3022,81.82524
3023,56.106644
3024,51.93151
3025,52.105152
3026,84.388214
3027,124.85135
3028,208.64282
3029,210.35242
3030,259.0049
3031,306.4916
3032,325.4126
3033,352.29318
3034,378.28745
3035,411.68597
3036,406.9992
3037,391.8184
3038,355.59213
3039,331.65134
3040,239.16666
3041,202.63422
3042,190.0103
3043,159.55408
3044,120.70324
3045,88.67381
3046,59.927776
3047,32.68086
3048,32.909126
3049,41.05144
3050,51.896183
3051,79.72137
3052,136.7739
3053,221.03311
3054,271.99985
3055,330.11426
3056,294.41074
3057,329.2002
3058,372.59055
3059,392.47498
3060,350.74698
3061,393.92624
3062,311.84573
3063,218.73778
3064,165.19907
3065,154.90327
3066,162.58012
3067,117.55661
3068,92.18858
3069,51.311886
3070,18.398987
3071,21.25054
3072,29.904549
3073,72.11955
3074,203.90659
3075,660.8465
3076,669.5051
3077,303.79944
3078,235.0347
3079,269.24075
3080,268.68448
3081,277.15765
3082,284.11362
3083,280.7711
3084,452.80923
3085,709.75977
3086,655.4205
3087,342.2643
3088,239.99934
3089,206.9072
3090,191.1797
3091,120.61429
3092,58.610878
3093,37.261715
3094,18.333925
3095,14.520483
3096,30.482676
3097,83.09115
3098,244.20425
3099,727.5794
3100,785.3605
3101,346.17642
3102,265.93048
3103,323.33713
3104,313.78098
3105,289.08002
3106,199.06142
3107,267.56595
3108,426.2412
3109,742.63354
3110,786.41656
3111,516.2988
3112,246.4576
3113,219.11256
3114,610.2141
3115,222.59627
3116,121.53286
3117,72.100296
3118,12.472735
3119,18.112568
3120,37.344353
3121,67.255905
3122,219.31842
3123,649.1901
3124,741.18097
3125,335.06046
3126,281.2441
3127,343.27615
3128,341.95212
3129,349.6526
3130,311.77133
3131,344.5784
3132,494.8532
3133,831.8882
3134,771.4504
3135,446.67273
3136,288.01712
3137,266.35168
3138,256.1029
3139,145.42
3140,77.25793
3141,50.283726
3142,24.749575
3143,24.998037
3144,34.58191
3145,78.05379
3146,216.5422
3147,647.8188
3148,697.8692
3149,346.78577
3150,278.58353
3151,346.77368
3152,354.69003
3153,352.0969
3154,344.89923
3155,333.42554
3156,495.13406
3157,724.3532
3158,688.4366
3159,381.17163
3160,254.28723
3161,253.00264
3162,213.75682
3163,100.67587
3164,36.77191
3165,25.242058
3166,11.716465
3167,13.991188
3168,35.855934
3169,81.405624
3170,162.9353
3171,281.1822
3172,342.66058
3173,217.72684
3174,235.74567
3175,270.31873
3176,269.26993
3177,271.46783
3178,285.96097
3179,303.5267
3180,407.05844
3181,468.07916
3182,440.85938
3183,320.54544
3184,229.90663
3185,205.47704
3186,193.60558
3187,141.18846
3188,104.2623
3189,76.39338
3190,49.886993
3191,36.66287
3192,37.24718
3193,44.41286
3194,78.25642
3195,119.19174
3196,154.5054
3197,191.92593
3198,225.08797
3199,281.10977
3200,286.61328
3201,358.8629
3202,417.7153
3203,446.27277
3204,386.84753
3205,325.88687
3206,217.12492
3207,229.6772
3208,204.89864
3209,139.3531
3210,131.8084
3211,119.139465
3212,95.55142
3213,82.51316
3214,44.085255
3215,41.213055
3216,32.632072
3217,35.507618
3218,45.300842
3219,64.24207
3220,124.155914
3221,180.95758
3222,227.15852
3223,284.27905
3224,251.52235
3225,250.09218
3226,296.4532
3227,311.79263
3228,287.42966
3229,303.8505
3230,304.12173
3231,340.6455
3232,236.49655
3233,229.08072
3234,215.87819
3235,130.36458
3236,87.661934
3237,42.125977
3238,23.337908
3239,24.078959
3240,27.81316
3241,68.01615
3242,166.6921
3243,528.95844
3244,631.06964
3245,266.34033
3246,241.09247
3247,285.1123
3248,255.86386
3249,219.76462
3250,244.44188
3251,258.65176
3252,407.3261
3253,708.6671
3254,589.24524
3255,354.41016
3256,241.16438
3257,225.2529
3258,201.37752
3259,111.49948
3260,55.934853
3261,30.894564
3262,13.431334
3263,14.156698
3264,26.136583
3265,68.06297
3266,212.7952
3267,678.6406
3268,690.0287
3269,294.73734
3270,233.35472
3271,287.37277
3272,311.4419
3273,291.64175
3274,247.92743
3275,272.5417
3276,470.80865
3277,772.95306
3278,693.2193
3279,373.95764
3280,270.92056
3281,240.27892
3282,236.42229
3283,122.67668
3284,70.76486
3285,47.935307
3286,9.810383
3287,15.5882225
3288,33.739357
3289,68.84368
3290,214.64099
3291,648.9784
3292,684.39685
3293,335.2387
3294,258.77756
3295,303.61435
3296,327.0591
3297,320.2191
3298,295.0086
3299,323.32614
3300,469.30295
3301,747.0934
3302,719.3445
3303,430.59952
3304,280.27524
3305,282.352
3306,267.76974
3307,147.32494
3308,83.995346
3309,50.71156
3310,19.320902
3311,19.190804
3312,39.663937
3313,74.03792
3314,198.84782
3315,594.2995
3316,626.77734
3317,309.02402
3318,285.564
3319,336.2201
3320,323.48114
3321,294.16132
3322,288.75708
3323,294.82526
3324,422.1303
3325,721.50305
3326,665.4219
3327,387.95853
3328,232.20416
3329,241.92188
3330,239.22107
3331,153.98808
3332,133.55795
3333,84.99715
3334,29.825098
3335,25.274736
3336,34.586407
3337,64.28393
3338,155.88817
3339,364.122
3340,339.09387
3341,273.40927
3342,264.09595
3343,291.99872
3344,288.05966
3345,256.5722
3346,274.65402
3347,274.5265
3348,401.4548
3349,494.08917
3350,440.15677
3351,317.6108
3352,230.72098
3353,222.85826
3354,183.31265
3355,169.97266
3356,131.76259
3357,98.62592
3358,53.050056
3359,47.144993
3360,49.575504
3361,50.21197
3362,90.54845
3363,113.05794
3364,154.96089
3365,228.54854
3366,256.45605
3367,281.97403
3368,246.2714
3369,259.67337
3370,295.9054
3371,299.41772
3372,321.69818
3373,295.7611
3374,321.70584
3375,280.0273
3376,215.21857
3377,184.77731
3378,159.42458
3379,122.63781
3380,84.77198
3381,60.849064
3382,47.717056
3383,42.766632
3384,31.178156
3385,36.43343
3386,54.63192
3387,73.820274
3388,96.60291
3389,132.72795
3390,193.87273
3391,202.99303
3392,195.24474
3393,196.79665
3394,259.13495
3395,294.40717
3396,307.28854
3397,234.08179
3398,237.51784
3399,182.27011
3400,149.70117
3401,130.10535
3402,97.15689
3403,53.900673
3404,36.818924
3405,27.390396
3406,12.469208
3407,15.283483
3408,31.546322
3409,69.6621
3410,187.89955
3411,467.5515
3412,453.47678
3413,229.6367
3414,191.46701
3415,191.54175
3416,200.80023
3417,223.134
3418,224.47026
3419,221.1612
3420,333.90054
3421,570.39154
3422,496.3135
3423,281.1847
3424,168.37888
3425,154.11362
3426,124.34801
3427,57.538807
3428,41.822964
3429,31.97938
3430,14.7865
3431,15.604094
3432,28.37166
3433,65.128136
3434,137.78369
3435,326.50806
3436,410.7901
3437,207.2544
3438,174.07372
3439,220.38411
3440,253.82455
3441,261.40164
3442,232.09985
3443,246.42851
3444,340.92416
3445,545.37445
3446,499.08005
3447,318.22836
3448,199.41154
3449,183.49011
3450,155.83742
3451,90.04834
3452,54.434235
3453,37.62711
3454,21.218962
3455,17.903723
3456,31.888763
3457,65.845634
3458,179.3828
3459,387.61884
3460,436.50653
3461,255.11441
3462,220.71599
3463,253.3399
3464,255.74733
3465,251.31332
3466,249.5414
3467,249.52696
3468,346.22635
3469,474.27524
3470,434.51736
3471,307.87485
3472,213.23701
3473,211.37857
3474,180.98114
3475,120.38553
3476,60.389015
3477,46.647865
3478,34.450504
3479,16.498722
3480,34.281586
3481,65.19964
3482,161.64
3483,294.54663
3484,389.46
3485,244.55775
3486,222.8701
3487,226.50616
3488,244.1832
3489,234.03476
3490,239.39432
3491,238.02995
3492,338.0192
3493,444.30435
3494,387.54614
3495,249.17024
3496,187.70416
3497,199.58566
3498,177.93802
3499,126.54912
3500,94.86195
3501,52.155907
3502,22.31304
3503,21.83361
3504,28.045837
3505,49.542423
3506,69.78368
3507,107.25111
3508,141.08548
3509,160.61243
3510,151.28351
3511,210.58228
3512,197.61443
3513,213.46046
3514,259.7466
3515,276.4763
3516,324.22903
3517,241.72609
3518,228.88043
3519,102.931526
3520,27.280966
3521,39.952766
3522,42.243282
3523,51.43908
3524,44.26269
3525,49.58984
3526,29.309742
3527,27.833168
3528,18.052055
3529,21.91364
3530,23.405296
3531,52.69336
3532,81.63683
3533,139.44774
3534,183.45792
3535,167.90639
3536,125.93873
3537,114.47091
3538,147.02495
3539,173.90652
3540,159.03708
3541,172.13785
3542,185.60861
3543,165.15573
3544,146.53192
3545,132.87225
3546,153.14877
3547,136.79182
3548,113.538025
3549,76.59161
3550,49.535645
3551,42.869183
3552,39.953007
3553,36.594006
3554,50.664814
3555,83.29938
3556,145.77602
3557,193.62048
3558,250.00467
3559,286.92917
3560,295.47522
3561,326.5566
3562,350.45047
3563,341.40546
3564,336.75742
3565,355.3647
3566,326.73245
3567,265.28778
3568,221.988
3569,202.59767
3570,173.16838
3571,92.0719
3572,55.98692
3573,36.771313
3574,23.24531
3575,18.244465
3576,32.957146
3577,70.738914
3578,159.86754
3579,345.52164
3580,386.65497
3581,227.08739
3582,231.14413
3583,278.34995
3584,280.86084
3585,277.54614
3586,276.528
3587,265.69165
3588,377.7501
3589,578.63116
3590,546.92914
3591,341.91302
3592,226.99669
3593,233.21808
3594,231.1533
3595,127.95841
3596,79.69035
3597,39.526974
3598,20.03486
3599,20.494003
3600,36.086834
3601,58.906185
3602,158.45583
3603,420.52216
3604,416.82816
3605,267.2089
3606,238.66632
3607,275.81766
3608,265.7112
3609,258.67734
3610,252.37291
3611,273.0168
3612,424.0965
3613,572.4501
3614,536.8859
3615,350.09103
3616,252.9596
3617,259.7103
3618,216.46992
3619,132.98723
3620,69.74558
3621,40.246193
3622,18.324009
3623,13.630368
3624,44.42457
3625,61.253613
3626,101.32327
3627,291.52777
3628,403.49698
3629,249.92145
3630,266.27914
3631,328.55328
3632,307.30106
3633,297.44577
3634,277.06244
3635,277.42157
3636,446.70972
3637,556.0762
3638,505.4258
3639,315.70486
3640,252.44312
3641,237.72717
3642,199.61186
3643,147.35
3644,100.05014
3645,61.981556
3646,32.4546
3647,22.167759
3648,36.495834
3649,72.3722
3650,127.21949
3651,337.15848
3652,386.84186
3653,272.50098
3654,233.7933
3655,259.18713
3656,297.8641
3657,308.0179
3658,278.44446
3659,290.76935
3660,424.6309
3661,543.74854
3662,495.53308
3663,329.29324
3664,250.95676
3665,257.72772
3666,178.95137
3667,118.44962
3668,109.692795
3669,69.252365
3670,40.51475
3671,24.934763
3672,36.063194
3673,57.262608
3674,149.43425
3675,283.72906
3676,280.84164
3677,264.0029
3678,248.89331
3679,276.9574
3680,303.66333
3681,319.07724
3682,328.05838
3683,332.6376
3684,421.45572
3685,477.56168
3686,444.98282
3687,368.39114
3688,295.5168
3689,264.7865
3690,243.3274
3691,186.3374
3692,135.53513
3693,96.02682
3694,47.95423
3695,30.665667
3696,43.13026
3697,48.021023
3698,74.59673
3699,153.0345
3700,184.8337
3701,254.56227
3702,296.72308
3703,262.49664
3704,279.842
3705,308.49786
3706,320.91455
3707,279.88895
3708,309.49066
3709,406.1798
3710,419.97263
3711,287.57782
3712,166.05101
3713,197.62737
3714,179.12198
3715,150.71025
3716,108.65018
3717,94.259705
3718,48.446785
3719,36.567657
3720,28.71923
3721,36.101368
3722,53.81621
3723,109.11552
3724,136.99263
3725,164.61995
3726,228.5117
3727,294.97372
3728,277.02365
3729,282.52097
3730,310.85632
3731,317.36282
3732,268.4719
3733,393.34555
3734,372.2483
3735,296.741
3736,228.7766
3737,212.08298
3738,179.69934
3739,103.15367
3740,58.84699
3741,34.501747
3742,17.304775
3743,16.821089
3744,26.182327
3745,64.48142
3746,198.9787
3747,375.47253
3748,328.4057
3749,233.42113
3750,248.90785
3751,270.96762
3752,273.07788
3753,306.54172
3754,301.29437
3755,296.61807
3756,400.16406
3757,484.14374
3758,444.88495
3759,328.4271
3760,267.1874
3761,221.33502
3762,233.59563
3763,134.98456
3764,67.18522
3765,41.33174
3766,14.897952
3767,28.331491
3768,27.660803
3769,51.80162
3770,125.79667
3771,324.92444
3772,354.1486
3773,227.63222
3774,261.79254
3775,298.94946
3776,277.91046
3777,293.57947
3778,314.15707
3779,321.33615
3780,403.9956
3781,555.65924
3782,460.6937
3783,347.74286
3784,271.8124
3785,266.19116
3786,206.61472
3787,143.40263
3788,92.52458
3789,51.27457
3790,18.3474
3791,14.98425
3792,33.667652
3793,67.00653
3794,128.12904
3795,268.0899
3796,304.80713
3797,232.37096
3798,248.82698
3799,283.3078
3800,276.73157
3801,311.86996
3802,310.2507
3803,326.29672
3804,412.65546
3805,528.71796
3806,478.85187
3807,333.75513
3808,278.5342
3809,237.26584
3810,203.4093
3811,128.19876
3812,60.775806
3813,40.54848
3814,25.821533
3815,23.625242
3816,30.030737
3817,69.58789
3818,157.63374
3819,325.0063
3820,328.7741
3821,250.52223
3822,229.13484
3823,281.24115
3824,325.4543
3825,319.17633
3826,329.60306
3827,338.6297
3828,464.51297
3829,507.66592
3830,487.76703
3831,353.63107
3832,283.8018
3833,252.26547
3834,250.77124
3835,153.97742
3836,109.94589
3837,71.46054
3838,34.833927
3839,26.587267
3840,31.23179
3841,63.70829
3842,141.98276
3843,266.00604
3844,283.01852
3845,277.9383
3846,240.7299
3847,280.90176
3848,322.13312
3849,322.59537
3850,318.73495
3851,328.49615
3852,409.1441
3853,411.88705
3854,359.16864
3855,258.81314
3856,256.08255
3857,222.32657
3858,205.01463
3859,187.93526
3860,147.43707
3861,99.35865
3862,50.96886
3863,42.066948
3864,48.830223
3865,45.237988
3866,100.26939
3867,144.3483
3868,214.19965
3869,242.47908
3870,281.88858
3871,322.41068
3872,315.36484
3873,350.83887
3874,390.44705
3875,395.78015
3876,366.1494
3877,353.0861
3878,407.84805
3879,412.85504
3880,370.32654
3881,307.97614
3882,310.07068
3883,301.68936
3884,178.89017
3885,129.2481
3886,65.76944
3887,41.900383
3888,42.014275
3889,45.9701
3890,58.08662
3891,115.95836
3892,165.71019
3893,208.56071
3894,227.07494
3895,253.30139
3896,231.50159
3897,268.69724
3898,282.9683
3899,275.03625
3900,251.57866
3901,329.82562
3902,295.7033
3903,235.45082
3904,196.06552
3905,157.60246
3906,128.62395
3907,105.77022
3908,101.112816
3909,58.289433
3910,26.492155
3911,21.228931
3912,26.870186
3913,67.15419
3914,124.170715
3915,210.25763
3916,247.71101
3917,219.29239
3918,191.96095
3919,199.52313
3920,211.5024
3921,194.07617
3922,188.25563
3923,201.68214
3924,244.67851
3925,410.63214
3926,345.14957
3927,211.75893
3928,166.84114
3929,164.50652
3930,118.020134
3931,64.21375
3932,44.85337
3933,31.72394
3934,17.819607
3935,17.957586
3936,26.590399
3937,67.764755
3938,158.8445
3939,255.20718
3940,273.5317
3941,212.9499
3942,182.28006
3943,204.37813
3944,211.59247
3945,203.4804
3946,216.57669
3947,241.43584
3948,299.78418
3949,430.7364
3950,387.62177
3951,250.75465
3952,162.58105
3953,162.14438
3954,129.80861
3955,82.13436
3956,53.15604
3957,37.103172
3958,16.568964
3959,16.008379
3960,24.885141
3961,55.492065
3962,144.1899
3963,197.19884
3964,241.36166
3965,176.31783
3966,187.42528
3967,220.32152
3968,226.33025
3969,234.97171
3970,222.92271
3971,236.13513
3972,303.78616
3973,386.66498
3974,366.42926
3975,241.70381
3976,182.03299
3977,169.50746
3978,151.0328
3979,95.88549
3980,60.378746
3981,37.183002
3982,29.760387
3983,26.975718
3984,25.358059
3985,35.203632
3986,56.96274
3987,79.86479
3988,107.018166
3989,152.56708
3990,166.61118
3991,203.88768
3992,206.36746
3993,209.66182
3994,227.77773
3995,225.28601
3996,286.76706
3997,253.25307
3998,293.36823
3999,184.04074
4000,185.01297
4001,156.60533
4002,130.69624
4003,88.293526
4004,62.625206
4005,44.97053
4006,22.419655
4007,20.830404
4008,20.658216
4009,49.61977
4010,67.79228
4011,119.066055
4012,195.21283
4013,168.85236
4014,177.95505
4015,194.85283
4016,170.95064
4017,209.50433
4018,226.83652
4019,241.40103
4020,308.39508
4021,276.14102
4022,283.15466
4023,189.71616
4024,158.47287
4025,119.53857
4026,111.8668
4027,98.30907
4028,79.15099
4029,61.79862
4030,31.890282
4031,29.37323
4032,32.047897
4033,49.446033
4034,49.206696
4035,66.345146
4036,50.12215
4037,88.06436
4038,136.8582
4039,147.58662
4040,141.26166
4041,161.06964
4042,157.84386
4043,132.44843
4044,107.444336
4045,86.73377
4046,101.89824
4047,76.07903
4048,60.341877
4049,43.60262
4050,38.22983
4051,42.15276
4052,30.428883
4053,25.629333
4054,22.212599
4055,28.448969
4056,9.9876175
4057,21.399744
4058,40.014072
4059,45.65582
4060,70.62796
4061,129.9302
4062,180.39075
4063,199.63692
4064,188.1069
4065,197.07489
4066,222.2971
4067,232.62201
4068,228.52232
4069,230.19313
4070,226.72844
4071,174.41403
4072,146.99174
4073,121.790184
4074,94.76229
4075,48.362675
4076,24.331997
4077,13.066377
4078,10.787516
4079,10.58706
4080,27.223534
4081,68.89485
4082,162.70007
4083,283.46524
4084,324.97308
4085,190.13292
4086,158.1151
4087,200.54984
4088,202.29858
4089,194.60521
4090,198.77136
4091,230.4087
4092,312.69107
4093,513.5989
4094,395.0466
4095,240.12323
4096,168.66957
4097,149.79877
4098,96.767456
4099,60.680447
4100,25.421333
4101,16.499052
4102,8.504538
4103,9.979548
4104,26.57456
4105,73.24925
4106,155.78104
4107,318.03387
4108,384.24188
4109,205.93176
4110,186.26685
4111,217.26096
4112,217.44438
4113,226.77345
4114,227.85864
4115,216.31613
4116,228.95686
4117,324.76727
4118,262.52618
4119,180.5916
4120,135.78212
4121,110.34477
4122,91.61829
4123,54.432457
4124,32.054844
4125,17.06607
4126,14.763131
4127,13.059409
4128,24.555279
4129,58.74619
4130,135.261
4131,315.5249
4132,380.6273
4133,204.5491
4134,192.00522
4135,241.96681
4136,220.95587
4137,242.56128
4138,251.44905
4139,252.0924
4140,364.14838
4141,587.2406
4142,484.21555
4143,263.25726
4144,189.75728
4145,208.30984
4146,151.10674
4147,92.66318
4148,48.952213
4149,28.124966
4150,16.724209
4151,21.69801
4152,23.325792
4153,50.220207
4154,156.5955
4155,340.87204
4156,438.14398
4157,210.77936
4158,198.50307
4159,266.24304
4160,270.56244
4161,264.00607
4162,251.80656
4163,246.79646
4164,372.38895
4165,563.75055
4166,517.2476
4167,303.7021
4168,236.6841
4169,209.7471
4170,163.78539
4171,108.58873
4172,66.86788
4173,40.87496
4174,21.440844
4175,18.139359
4176,31.085554
4177,59.626446
4178,126.16299
4179,231.95671
4180,298.41983
4181,215.56218
4182,233.70557
4183,253.58774
4184,246.65532
4185,260.10736
4186,251.3125
4187,263.07483
4188,376.07492
4189,445.4627
4190,369.8498
4191,276.86438
4192,213.90286
4193,199.85687
4194,133.39348
4195,117.5859
4196,95.1374
4197,73.059166
4198,40.152027
4199,36.49596
4200,32.182392
4201,41.768063
4202,62.52936
4203,100.58598
4204,134.01923
4205,206.57927
4206,254.86327
4207,270.86105
4208,279.72165
4209,319.1234
4210,390.50348
4211,381.79886
4212,339.07367
4213,226.83505
4214,234.48865
4215,204.52626
4216,173.55872
4217,143.2662
4218,111.197556
4219,106.23794
4220,64.55919
4221,59.285156
4222,38.684006
4223,29.354792
4224,29.621151
4225,34.37234
4226,49.231113
4227,65.27149
4228,120.64204
4229,175.70969
4230,202.34544
4231,275.14896
4232,243.50682
4233,275.70593
4234,337.56467
4235,337.0754
4236,313.94824
4237,313.64877
4238,273.72366
4239,246.75417
4240,187.21227
4241,137.0373
4242,104.04245
4243,55.66269
4244,36.98826
4245,14.799334
4246,7.6757226
4247,12.228687
4248,24.777023
4249,51.51136
4250,160.35295
4251,513.77203
4252,545.4389
4253,247.49777
4254,219.43504
4255,272.9949
4256,270.60812
4257,249.11234
4258,289.37985
4259,287.81137
4260,363.03128
4261,716.96173
4262,555.0822
4263,326.19547
4264,215.71313
4265,183.69664
4266,120.780495
4267,66.261154
4268,41.180546
4269,30.764849
4270,13.168966
4271,12.964027
4272,29.77752
4273,60.28253
4274,186.11946
4275,597.2374
4276,682.0786
4277,265.47104
4278,229.93182
4279,297.86798
4280,285.19986
4281,284.71722
4282,284.07248
4283,299.58453
4284,459.8835
4285,806.68024
4286,644.0905
4287,359.06595
4288,272.793
4289,223.6574
4290,199.35387
4291,104.81694
4292,70.96379
4293,50.665424
4294,20.100353
4295,17.497215
4296,29.69856
4297,61.42362
4298,179.05698
4299,599.0092
4300,611.8955
4301,296.71393
4302,267.59982
4303,308.67307
4304,304.16995
4305,322.52634
4306,306.50266
4307,347.40503
4308,507.65384
4309,840.9024
4310,665.4708
4311,424.27502
4312,271.68402
4313,278.8808
4314,225.2003
4315,151.55092
4316,73.90235
4317,41.571808
4318,25.24929
4319,23.707445
4320,32.754257
4321,81.05923
4322,194.7398
4323,564.8551
4324,674.73303
4325,308.95523
4326,270.9489
4327,338.7133
4328,321.29254
4329,311.97034
4330,324.72446
4331,355.98355
4332,489.4087
4333,707.0584
4334,644.096
4335,401.94412
4336,248.8664
4337,230.86717
4338,193.08565
4339,124.45558
4340,92.86098
4341,42.254803
4342,21.797733
4343,18.980532
4344,31.394852
4345,66.92985
4346,162.23512
4347,400.0878
4348,454.40427
4349,240.46753
4350,179.79831
4351,192.63914
4352,215.87758
4353,206.52957
4354,189.05533
4355,171.1738
4356,293.6992
4357,345.24973
4358,300.27545
4359,223.39105
4360,196.44951
4361,166.59209
4362,164.05963
4363,138.2945
4364,127.99131
4365,99.05669
4366,68.0118
4367,44.21526
4368,35.868763
4369,38.31838
4370,58.819347
4371,89.59903
4372,161.12517
4373,240.63066
4374,282.29187
4375,303.73218
4376,319.47458
4377,352.01367
4378,417.3457
4379,446.4334
4380,445.64462
4381,401.12152
4382,446.6461
4383,357.22183
4384,265.16925
4385,211.38503
4386,183.624
4387,148.80588
4388,137.69626
4389,124.09356
4390,68.65092
4391,38.687004
4392,36.02928
4393,39.215794
4394,53.04738
4395,103.053314
4396,159.0502
4397,224.03615
4398,309.5388
4399,349.4395
4400,322.6802
4401,404.44394
4402,461.208
4403,432.1652
4404,433.1203
4405,446.17822
4406,393.14328
4407,284.37006
4408,209.8878
4409,181.13707
4410,157.56815
4411,98.17096
4412,55.459663
4413,30.802065
4414,12.990709
4415,15.371579
4416,30.5257
4417,75.13487
4418,240.7758
4419,701.11456
4420,705.5919
4421,325.90054
4422,278.51532
4423,376.51514
4424,376.55554
4425,360.17065
4426,338.21933
4427,376.66733
4428,523.2698
4429,881.11554
4430,698.4322
4431,402.1384
4432,232.9173
4433,218.12016
4434,163.52481
4435,89.24847
4436,59.869415
4437,39.617355
4438,15.78022
4439,19.828196
4440,31.492628
4441,78.121735
4442,275.7103
4443,801.39404
4444,774.94037
4445,307.4809
4446,257.6435
4447,363.49774
4448,334.91144
4449,314.0934
4450,324.98624
4451,394.17477
4452,502.08682
4453,788.2916
4454,739.51587
4455,393.20367
4456,262.57974
4457,254.80658
4458,229.50034
4459,118.45464
4460,62.04262
4461,38.873455
4462,13.909355
4463,16.402866
4464,30.767164
4465,80.121315
4466,281.89655
4467,789.5776
4468,774.86
4469,359.47968
4470,308.42993
4471,399.33493
4472,406.3295
4473,418.351
4474,387.33786
4475,387.09665
4476,531.77783
4477,919.78217
4478,790.5488
4479,478.196
4480,284.94168
4481,312.73224
4482,298.75537
4483,152.29735
4484,80.191505
4485,45.7246
4486,11.396322
4487,16.644268
4488,34.779995
4489,62.735237
4490,153.59181
4491,269.51065
4492,314.16437
4493,153.05823
4494,206.33253
4495,233.855
4496,267.4108
4497,265.05908
4498,235.07848
4499,256.5646
4500,380.87268
4501,567.5758
4502,581.3936
4503,365.8659
4504,252.23978
4505,239.28339
4506,220.11662
4507,143.9831
4508,80.49411
4509,39.830242
4510,24.389133
4511,20.341007
4512,31.4515
4513,70.92313
4514,216.743
4515,599.6246
4516,652.6039
4517,373.9207
4518,329.41187
4519,408.20166
4520,384.58124
4521,364.4419
4522,369.02222
4523,411.45227
4524,559.2985
4525,705.1164
4526,723.7428
4527,538.41925
4528,310.21777
4529,311.33307
4530,300.00626
4531,259.86627
4532,200.69614
4533,171.31885
4534,77.949486
4535,48.26314
4536,44.58077
4537,50.613316
4538,101.53206
4539,154.64455
4540,260.82483
4541,276.70535
4542,346.00183
4543,315.11655
4544,306.53177
4545,419.04556
4546,472.59164
4547,446.91122
4548,448.35153
4549,421.9296
4550,441.24957
4551,403.35876
4552,278.6526
4553,246.90819
4554,265.2321
4555,234.03014
4556,176.12202
4557,142.1698
4558,89.17696
4559,53.141552
4560,59.125404
4561,42.265163
4562,51.28673
4563,78.69105
4564,117.88744
4565,182.18399
4566,242.53894
4567,351.96936
4568,347.70273
4569,379.9693
4570,462.20383
4571,485.02338
4572,295.49597
4573,354.10373
4574,325.92603
4575,158.34874
4576,112.10784
4577,85.216866
4578,89.461845
4579,50.75923
4580,34.685883
4581,13.860015
4582,12.005782
4583,14.191575
4584,30.133034
4585,73.48323
4586,229.33258
4587,748.6078
4588,672.508
4589,326.26846
4590,248.82538
4591,342.45538
4592,342.22263
4593,279.172
4594,283.09897
4595,325.3094
4596,441.561
4597,719.52356
4598,619.7833
4599,348.283
4600,210.89224
4601,186.23112
4602,149.88837
4603,81.74203
4604,49.392735
4605,30.217735
4606,11.43728
4607,14.159709
4608,28.995464
4609,73.79463
4610,297.51895
4611,933.99133
4612,836.32135
4613,374.91534
4614,299.90994
4615,401.39822
4616,391.71112
4617,338.84265
4618,331.71667
4619,364.49878
4620,544.6674
4621,866.4128
4622,795.8897
4623,386.4199
4624,252.34477
4625,248.76363
4626,211.4806
4627,120.52921
4628,50.391006
4629,26.722975
4630,11.584326
4631,12.414804
4632,32.61081
4633,65.25618
4634,225.63673
4635,798.497
4636,743.275
4637,345.30865
4638,308.1163
4639,381.09045
4640,381.82544
4641,352.39362
4642,309.95932
4643,377.52832
4644,512.34247
4645,803.3117
4646,767.5225
4647,457.097
4648,285.2195
4649,274.09598
4650,275.23904
4651,137.06186
4652,75.13936
4653,39.162716
4654,20.70794
4655,17.375479
4656,33.355568
4657,77.35156
4658,273.40173
4659,797.8422
4660,844.0209
4661,368.3576
4662,320.7591
4663,401.6367
4664,332.44162
4665,333.446
4666,325.45776
4667,341.92325
4668,493.54797
4669,625.4637
4670,655.4284
4671,402.6446
4672,256.8011
4673,248.7117
4674,225.39809
4675,147.51988
4676,104.429085
4677,59.594913
4678,27.914894
4679,19.583168
4680,39.295082
4681,79.03369
4682,207.67473
4683,541.9148
4684,539.5084
4685,339.4454
4686,317.21777
4687,387.51825
4688,379.97223
4689,360.41592
4690,338.64694
4691,362.57986
4692,489.0636
4693,616.70135
4694,592.1238
4695,400.4829
4696,266.8424
4697,238.77661
4698,228.58017
4699,189.0431
4700,154.17264
4701,132.87204
4702,70.577835
4703,41.39863
4704,42.408306
4705,48.3228
4706,72.11405
4707,135.44708
4708,258.46854
4709,300.75214
4710,342.32272
4711,379.40527
4712,377.12753
4713,473.25925
4714,498.32007
4715,477.1889
4716,510.24777
4717,489.2444
4718,515.4046
4719,354.59418
4720,237.3888
4721,205.6409
4722,203.3267
4723,170.53592
4724,146.80508
4725,122.733475
4726,57.886963
4727,40.232475
4728,41.231102
4729,38.51935
4730,62.573277
4731,88.68104
4732,155.3311
4733,212.48055
4734,282.39984
4735,395.6172
4736,358.5989
4737,387.14288
4738,416.72208
4739,440.04733
4740,472.94806
4741,445.85553
4742,390.72632
4743,278.15
4744,188.05055
4745,159.27786
4746,107.93285
4747,59.59601
4748,33.30542
4749,25.021822
4750,12.863251
4751,13.368821
4752,30.61822
4753,77.69281
4754,257.4144
4755,818.5226
4756,737.1139
4757,331.10693
4758,257.24222
4759,346.88617
4760,375.18585
4761,301.16562
4762,297.5261
4763,337.84985
4764,508.11218
4765,827.46326
4766,665.5989
4767,368.8419
4768,214.23979
4769,195.14685
4770,155.066
4771,72.2609
4772,39.714317
4773,18.203077
4774,3.413099
4775,12.757464
4776,35.122894
4777,80.46475
4778,316.69217
4779,915.48724
4780,845.2817
4781,357.2704
4782,309.3857
4783,369.70984
4784,386.92786
4785,349.28174
4786,307.77182
4787,389.36856
4788,559.1149
4789,901.66516
4790,823.1675
4791,398.43716
4792,262.45477
4793,255.37555
4794,248.79012
4795,108.805565
4796,63.425915
4797,37.54677
4798,13.600758
4799,13.948359
4800,27.88057
4801,68.782845
4802,289.35748
4803,889.2733
4804,846.7483
4805,360.23654
4806,313.55237
4807,448.801
4808,449.70456
4809,391.75458
4810,321.2822
4811,386.56982
4812,547.8436
4813,870.2885
4814,838.9376
4815,477.87534
4816,313.52722
4817,260.18375
4818,300.21674
4819,149.5568
4820,69.220024
4821,32.87819
4822,17.65761
4823,14.701536
4824,29.170122
4825,80.85927
4826,298.09607
4827,857.48755
4828,830.0775
4829,427.4112
4830,356.682
4831,471.1398
4832,412.74255
4833,432.26035
4834,400.76718
4835,419.58716
4836,618.99194
4837,849.1308
4838,866.26324
4839,503.43213
4840,330.4475
4841,310.10568
4842,310.78177
4843,183.8421
4844,116.40242
4845,68.05162
4846,27.30527
4847,26.435297
4848,41.501797
4849,72.459
4850,272.27063
4851,566.4106
4852,657.5424
4853,364.98148
4854,322.56015
4855,408.3278
4856,396.8418
4857,394.16956
4858,386.17923
4859,420.2864
4860,590.0593
4861,644.10767
4862,585.5955
4863,440.831
4864,283.52573
4865,262.1114
4866,268.24203
4867,226.04298
4868,151.2008
4869,136.4233
4870,69.60267
4871,54.420876
4872,40.061954
4873,49.004818
4874,75.289055
4875,176.6627
4876,287.61893
4877,362.65915
4878,384.24677
4879,456.734
4880,467.94632
4881,519.16626
4882,521.17834
4883,555.5952
4884,509.7222
4885,493.27002
4886,519.1786
4887,410.69843
4888,294.6489
4889,239.34186
4890,245.7082
4891,200.52716
4892,173.7779
4893,151.75516
4894,81.84767
4895,40.473545
4896,44.572983
4897,44.108776
4898,54.605488
4899,77.701256
4900,141.2692
4901,227.90195
4902,263.7449
4903,323.85526
4904,306.7755
4905,341.34375
4906,374.66125
4907,370.76468
4908,327.35355
4909,343.10196
4910,300.51416
4911,198.93309
4912,113.147835
4913,81.18261
4914,76.65982
4915,52.85597
4916,18.544231
4917,12.424561
4918,11.087527
4919,14.1247
4920,28.196331
4921,65.87841
4922,251.0721
4923,713.36774
4924,605.33386
4925,299.2425
4926,255.27531
4927,299.0249
4928,300.77667
4929,280.22833
4930,251.83234
4931,226.89873
4932,317.81662
4933,628.64966
4934,464.9486
4935,292.68243
4936,183.86409
4937,178.62585
4938,152.61848
4939,76.64306
4940,36.953724
4941,23.484055
4942,5.4284678
4943,10.717292
4944,25.261414
4945,63.22677
4946,257.4923
4947,678.46625
4948,658.7018
4949,307.29028
4950,233.65138
4951,280.4406
4952,302.56085
4953,290.91232
4954,250.3841
4955,306.2511
4956,464.35956
4957,661.8214
4958,506.3202
4959,314.20093
4960,210.23993
4961,236.30937
4962,185.20114
4963,99.05176
4964,54.511284
4965,27.890211
4966,14.9695015
4967,12.555673
4968,27.199928
4969,64.05656
4970,276.65387
4971,695.1101
4972,565.5459
4973,248.39656
4974,226.00992
4975,321.76895
4976,302.66095
4977,225.61743
4978,189.45454
4979,199.62518
4980,281.56866
4981,479.45493
4982,381.3336
4983,206.45789
4984,113.57655
4985,112.364784
4986,102.4602
4987,66.66909
4988,35.73551
4989,23.865929
4990,15.402703
4991,12.870069
4992,29.375834
4993,68.15048
4994,235.9853
4995,652.27203
4996,628.229
4997,314.30078
4998,265.42722
4999,336.88928
5000,323.271
5001,244.20699
5002,180.52344
5003,169.85558
5004,280.4692
5005,594.9922
5006,658.4589
5007,363.35175
5008,246.5947
5009,230.03963
5010,234.95107
5011,150.82814
5012,103.82181
5013,72.19998
5014,27.464277
5015,26.286573
5016,31.679306
5017,68.917015
5018,226.83374
5019,538.2338
5020,570.27734
5021,347.70764
5022,317.3907
5023,371.68222
5024,321.0983
5025,306.34692
5026,250.3081
5027,288.9573
5028,473.58878
5029,498.07452
5030,420.34576
5031,312.4704
5032,187.82327
5033,176.75902
5034,151.81995
5035,142.3909
5036,132.87604
5037,133.17712
5038,66.3094
5039,46.306664
5040,39.103817
5041,47.3836
5042,66.61846
5043,136.1122
5044,209.89685
5045,331.5768
5046,366.4145
5047,377.39032
5048,402.0586
5049,423.2523
5050,486.174
5051,469.57916
5052,471.80896
5053,473.58344
5054,446.38354
5055,333.76453
5056,237.33354
5057,193.10243
5058,192.6552
5059,153.00137
5060,139.68687
5061,141.70682
5062,85.89013
5063,41.49829
5064,45.86548
5065,40.12794
5066,51.14437
5067,76.917786
5068,148.75136
5069,221.7122
5070,281.27948
5071,325.30484
5072,303.46896
5073,344.6426
5074,378.4091
5075,393.64197
5076,359.9431
5077,364.83664
5078,333.40674
5079,236.4457
5080,168.92128
5081,136.23895
5082,101.04838
5083,46.030853
5084,26.619217
5085,11.482617
5086,3.9553351
5087,10.911059
5088,28.920902
5089,70.39178
5090,255.6487
5091,762.8735
5092,653.66284
5093,342.28625
5094,252.00813
5095,301.49057
5096,319.7036
5097,302.85416
5098,258.19315
5099,292.651
5100,465.2282
5101,729.34937
5102,557.6183
5103,322.86673
5104,203.5051
5105,210.17265
5106,151.54164
5107,73.97411
5108,40.931553
5109,33.84408
5110,12.480511
5111,14.213193
5112,30.100515
5113,71.703316
5114,278.8696
5115,839.3591
5116,775.27686
5117,374.15018
5118,275.13492
5119,374.89493
5120,394.97098
5121,377.0768
5122,349.12363
5123,347.4988
5124,528.1222
5125,853.74756
5126,754.82623
5127,436.81113
5128,252.99428
5129,246.12628
5130,232.51224
5131,106.27358
5132,48.641186
5133,28.520126
5134,12.244465
5135,11.900648
5136,24.162643
5137,75.57641
5138,272.00272
5139,710.3606
5140,749.0845
5141,275.0859
5142,230.22855
5143,319.61978
5144,326.1248
5145,291.67664
5146,307.53397
5147,320.19717
5148,479.76373
5149,831.08026
5150,733.04663
5151,394.33295
5152,245.90344
5153,216.35985
5154,262.1993
5155,117.503784
5156,64.23824
5157,32.492657
5158,10.602769
5159,17.167927
5160,29.991459
5161,67.125
5162,270.3044
5163,783.15076
5164,734.7536
5165,361.18744
5166,294.302
5167,407.90967
5168,389.42126
5169,361.97522
5170,299.8845
5171,327.77423
5172,528.7952
5173,753.1332
5174,795.20703
5175,484.3289
5176,309.5949
5177,277.0731
5178,252.66417
5179,139.30688
5180,87.98443
5181,49.853523
5182,20.203514
5183,19.720304
5184,41.193745
5185,64.92735
5186,221.62903
5187,583.2276
5188,610.4229
5189,353.3603
5190,325.79367
5191,392.88528
5192,378.72092
5193,386.96933
5194,395.42172
5195,410.51776
5196,552.10504
5197,691.0657
5198,613.34436
5199,403.72397
5200,289.9146
5201,277.38736
5202,256.50128
5203,208.70815
5204,170.07199
5205,133.5516
5206,72.12482
5207,47.54776
5208,52.1157
5209,42.686726
5210,67.28915
5211,124.379234
5212,223.87833
5213,310.8017
5214,349.65152
5215,369.26523
5216,409.85193
5217,525.65497
5218,590.19507
5219,549.17566
5220,532.93335
5221,521.38165
5222,501.0026
5223,391.3437
5224,281.60593
5225,224.39767
5226,235.51468
5227,183.93704
5228,153.76822
5229,132.08852
5230,94.97795
5231,56.799053
5232,48.874718
5233,31.230268
5234,48.80363
5235,61.220676
5236,117.79767
5237,180.46909
5238,203.63585
5239,257.15665
5240,260.76004
5241,237.69025
5242,278.2823
5243,272.18317
5244,265.8374
5245,283.53946
5246,261.72733
5247,159.59036
5248,138.2821
5249,112.85681
5250,95.883766
5251,52.604053
5252,26.166
5253,13.833334
5254,5.5882645
5255,8.3334465
5256,35.057755
5257,59.609062
5258,231.64325
5259,738.4894
5260,646.5831
5261,303.77902
5262,265.39606
5263,319.03888
5264,307.27673
5265,281.9861
5266,245.0642
5267,255.79071
5268,298.89023
5269,502.79443
5270,457.58072
5271,257.44455
5272,117.76012
5273,114.58445
5274,99.4811
5275,45.768414
5276,27.12214
5277,17.182869
5278,9.529773
5279,8.394106
5280,26.513075
5281,66.33574
5282,267.82822
5283,798.3375
5284,729.1326
5285,342.24295
5286,303.28967
5287,362.60617
5288,355.0792
5289,322.00494
5290,308.04205
5291,341.90546
5292,487.48914
5293,754.7017
5294,606.0997
5295,373.84842
5296,228.21492
5297,221.45303
5298,196.98834
5299,105.43408
5300,48.61595
5301,23.84309
5302,8.58196
5303,10.30851
5304,26.926773
5305,50.510517
5306,170.03365
5307,347.24054
5308,366.90234
5309,165.79485
5310,101.18883
5311,120.67367
5312,133.00732
5313,147.19382
5314,124.67931
5315,97.90181
5316,150.96342
5317,227.81812
5318,204.41643
5319,107.276146
5320,73.5104
5321,68.56281
5322,67.894516
5323,46.513084
5324,29.193424
5325,18.044048
5326,9.105915
5327,11.25643
5328,28.333609
5329,55.936504
5330,173.28374
5331,547.7069
5332,611.5352
5333,295.8104
5334,244.72116
5335,311.785
5336,303.0802
5337,316.64935
5338,239.24854
5339,250.26064
5340,366.65698
5341,633.1511
5342,615.9346
5343,364.47806
5344,237.4685
5345,231.20161
5346,236.03983
5347,145.6157
5348,94.45662
5349,41.485256
5350,22.871063
5351,18.85084
5352,31.618113
5353,73.9608
5354,213.84962
5355,558.6278
5356,600.82056
5357,335.1822
5358,297.75705
5359,386.6457
5360,387.2989
5361,362.66245
5362,363.35205
5363,397.29953
5364,507.60608
5365,684.2997
5366,601.40356
5367,394.4114
5368,245.87338
5369,194.04584
5370,196.27603
5371,169.5805
5372,160.42319
5373,134.89693
5374,66.19543
5375,49.99463
5376,45.874226
5377,46.494843
5378,64.67769
5379,118.4947
5380,228.0651
5381,262.08444
5382,281.093
5383,368.1419
5384,281.37366
5385,346.79446
5386,389.8567
5387,377.6002
5388,390.29782
5389,325.1128
5390,331.18088
5391,278.10208
5392,200.15897
5393,177.23456
5394,179.6139
5395,187.19882
5396,169.34093
5397,150.14664
5398,94.72787
5399,48.26064
5400,53.3684
5401,37.82173
5402,54.050842
5403,84.46187
5404,147.2445
5405,238.47417
5406,260.82916
5407,321.41336
5408,302.59683
5409,345.58658
5410,402.93695
5411,445.97806
5412,426.53354
5413,419.36664
5414,364.3811
5415,227.05467
5416,156.74712
5417,134.07248
5418,114.903915
5419,50.942238
5420,26.037182
5421,16.574877
5422,8.223201
5423,10.330102
5424,30.011866
5425,66.362
5426,257.09555
5427,779.67017
5428,692.1935
5429,307.34366
5430,246.1193
5431,334.7122
5432,368.9375
5433,313.15482
5434,299.20822
5435,321.41257
5436,483.7039
5437,837.6592
5438,623.0584
5439,355.77628
5440,213.5617
5441,193.92407
5442,177.14369
5443,81.719345
5444,43.254807
5445,21.72765
5446,6.8702345
5447,12.080678
5448,34.284355
5449,86.56892
5450,278.73434
5451,852.0858
5452,795.2656
5453,358.58914
5454,301.6209
5455,339.46497
5456,347.40662
5457,353.4308
5458,309.93747
5459,341.86545
5460,498.82285
5461,791.5632
5462,702.5393
5463,400.28323
5464,259.82986
5465,271.6223
5466,228.71347
5467,112.98091
5468,56.301876
5469,35.200962
5470,11.613388
5471,12.368942
5472,28.21397
5473,82.608765
5474,294.85437
5475,800.573
5476,795.31366
5477,391.62454
5478,320.56104
5479,431.75702
5480,451.06906
5481,417.30005
5482,347.21384
5483,369.0917
5484,530.8375
5485,873.50385
5486,745.5564
5487,428.56732
5488,217.97945
5489,272.54144
5490,215.1322
5491,103.043655
5492,66.11658
5493,38.898495
5494,18.94948
5495,24.220139
5496,30.846367
5497,76.9067
5498,250.65732
5499,740.15204
5500,689.89526
5501,306.1896
5502,212.2828
5503,253.62105
5504,296.63867
5505,298.3442
5506,288.69327
5507,265.31644
